{
  "data": {
    "actor": {
      "nrql": {
        "metadata": {
          "eventTypes": [
            "Transaction"
          ],
          "facets": [
            "name"
          ],
          "timeWindow": {
            "begin": 1738555526177,
            "end": 1739160326177,
            "since": "1 WEEKS AGO",
            "until": "NOW"
          }
        },
        "nrql": "SELECT count(*), uniqueCount(request.headers.userAgent) FROM Transaction FACET name SINCE 1 week ago WHERE name NOT IN ( 'Controller/Middleware/Rack/ActionDispatch::Routing::RouteSet/call', 'Controller/users/login' ) TIMESERIES",
        "results": [
          {
            "facet": "Controller/Middleware/Rack/ActionDispatch::Static/call",
            "beginTimeSeconds": 1738555526,
            "endTimeSeconds": 1738577126,
            "count": 7,
            "name": "Controller/Middleware/Rack/ActionDispatch::Static/call",
            "uniqueCount.request.headers.userAgent": 5
          },
          {
            "facet": "Controller/Middleware/Rack/ActionDispatch::Static/call",
            "beginTimeSeconds": 1738577126,
            "endTimeSeconds": 1738598726,
            "count": 5,
            "name": "Controller/Middleware/Rack/ActionDispatch::Static/call",
            "uniqueCount.request.headers.userAgent": 4
          },
          {
            "facet": "Controller/Middleware/Rack/ActionDispatch::Static/call",
            "beginTimeSeconds": 1738598726,
            "endTimeSeconds": 1738620326,
            "count": 4,
            "name": "Controller/Middleware/Rack/ActionDispatch::Static/call",
            "uniqueCount.request.headers.userAgent": 3
          },
          {
            "facet": "Controller/Middleware/Rack/ActionDispatch::Static/call",
            "beginTimeSeconds": 1738620326,
            "endTimeSeconds": 1738641926,
            "count": 20,
            "name": "Controller/Middleware/Rack/ActionDispatch::Static/call",
            "uniqueCount.request.headers.userAgent": 6
          },
          {
            "facet": "Controller/Middleware/Rack/ActionDispatch::Static/call",
            "beginTimeSeconds": 1738641926,
            "endTimeSeconds": 1738663526,
            "count": 16,
            "name": "Controller/Middleware/Rack/ActionDispatch::Static/call",
            "uniqueCount.request.headers.userAgent": 8
          },
          {
            "facet": "Controller/Middleware/Rack/ActionDispatch::Static/call",
            "beginTimeSeconds": 1738663526,
            "endTimeSeconds": 1738685126,
            "count": 11,
            "name": "Controller/Middleware/Rack/ActionDispatch::Static/call",
            "uniqueCount.request.headers.userAgent": 6
          },
          {
            "facet": "Controller/Middleware/Rack/ActionDispatch::Static/call",
            "beginTimeSeconds": 1738685126,
            "endTimeSeconds": 1738706726,
            "count": 35,
            "name": "Controller/Middleware/Rack/ActionDispatch::Static/call",
            "uniqueCount.request.headers.userAgent": 7
          },
          {
            "facet": "Controller/Middleware/Rack/ActionDispatch::Static/call",
            "beginTimeSeconds": 1738706726,
            "endTimeSeconds": 1738728326,
            "count": 27,
            "name": "Controller/Middleware/Rack/ActionDispatch::Static/call",
            "uniqueCount.request.headers.userAgent": 7
          },
          {
            "facet": "Controller/Middleware/Rack/ActionDispatch::Static/call",
            "beginTimeSeconds": 1738728326,
            "endTimeSeconds": 1738749926,
            "count": 5,
            "name": "Controller/Middleware/Rack/ActionDispatch::Static/call",
            "uniqueCount.request.headers.userAgent": 5
          },
          {
            "facet": "Controller/Middleware/Rack/ActionDispatch::Static/call",
            "beginTimeSeconds": 1738749926,
            "endTimeSeconds": 1738771526,
            "count": 12,
            "name": "Controller/Middleware/Rack/ActionDispatch::Static/call",
            "uniqueCount.request.headers.userAgent": 8
          },
          {
            "facet": "Controller/Middleware/Rack/ActionDispatch::Static/call",
            "beginTimeSeconds": 1738771526,
            "endTimeSeconds": 1738793126,
            "count": 25,
            "name": "Controller/Middleware/Rack/ActionDispatch::Static/call",
            "uniqueCount.request.headers.userAgent": 7
          },
          {
            "facet": "Controller/Middleware/Rack/ActionDispatch::Static/call",
            "beginTimeSeconds": 1738793126,
            "endTimeSeconds": 1738814726,
            "count": 10,
            "name": "Controller/Middleware/Rack/ActionDispatch::Static/call",
            "uniqueCount.request.headers.userAgent": 6
          },
          {
            "facet": "Controller/Middleware/Rack/ActionDispatch::Static/call",
            "beginTimeSeconds": 1738814726,
            "endTimeSeconds": 1738836326,
            "count": 15,
            "name": "Controller/Middleware/Rack/ActionDispatch::Static/call",
            "uniqueCount.request.headers.userAgent": 7
          },
          {
            "facet": "Controller/Middleware/Rack/ActionDispatch::Static/call",
            "beginTimeSeconds": 1738836326,
            "endTimeSeconds": 1738857926,
            "count": 8,
            "name": "Controller/Middleware/Rack/ActionDispatch::Static/call",
            "uniqueCount.request.headers.userAgent": 6
          },
          {
            "facet": "Controller/Middleware/Rack/ActionDispatch::Static/call",
            "beginTimeSeconds": 1738857926,
            "endTimeSeconds": 1738879526,
            "count": 16,
            "name": "Controller/Middleware/Rack/ActionDispatch::Static/call",
            "uniqueCount.request.headers.userAgent": 4
          },
          {
            "facet": "Controller/Middleware/Rack/ActionDispatch::Static/call",
            "beginTimeSeconds": 1738879526,
            "endTimeSeconds": 1738901126,
            "count": 8,
            "name": "Controller/Middleware/Rack/ActionDispatch::Static/call",
            "uniqueCount.request.headers.userAgent": 6
          },
          {
            "facet": "Controller/Middleware/Rack/ActionDispatch::Static/call",
            "beginTimeSeconds": 1738901126,
            "endTimeSeconds": 1738922726,
            "count": 15,
            "name": "Controller/Middleware/Rack/ActionDispatch::Static/call",
            "uniqueCount.request.headers.userAgent": 7
          },
          {
            "facet": "Controller/Middleware/Rack/ActionDispatch::Static/call",
            "beginTimeSeconds": 1738922726,
            "endTimeSeconds": 1738944326,
            "count": 9,
            "name": "Controller/Middleware/Rack/ActionDispatch::Static/call",
            "uniqueCount.request.headers.userAgent": 5
          },
          {
            "facet": "Controller/Middleware/Rack/ActionDispatch::Static/call",
            "beginTimeSeconds": 1738944326,
            "endTimeSeconds": 1738965926,
            "count": 17,
            "name": "Controller/Middleware/Rack/ActionDispatch::Static/call",
            "uniqueCount.request.headers.userAgent": 5
          },
          {
            "facet": "Controller/Middleware/Rack/ActionDispatch::Static/call",
            "beginTimeSeconds": 1738965926,
            "endTimeSeconds": 1738987526,
            "count": 11,
            "name": "Controller/Middleware/Rack/ActionDispatch::Static/call",
            "uniqueCount.request.headers.userAgent": 6
          },
          {
            "facet": "Controller/Middleware/Rack/ActionDispatch::Static/call",
            "beginTimeSeconds": 1738987526,
            "endTimeSeconds": 1739009126,
            "count": 12,
            "name": "Controller/Middleware/Rack/ActionDispatch::Static/call",
            "uniqueCount.request.headers.userAgent": 6
          },
          {
            "facet": "Controller/Middleware/Rack/ActionDispatch::Static/call",
            "beginTimeSeconds": 1739009126,
            "endTimeSeconds": 1739030726,
            "count": 4,
            "name": "Controller/Middleware/Rack/ActionDispatch::Static/call",
            "uniqueCount.request.headers.userAgent": 4
          },
          {
            "facet": "Controller/Middleware/Rack/ActionDispatch::Static/call",
            "beginTimeSeconds": 1739030726,
            "endTimeSeconds": 1739052326,
            "count": 12,
            "name": "Controller/Middleware/Rack/ActionDispatch::Static/call",
            "uniqueCount.request.headers.userAgent": 6
          },
          {
            "facet": "Controller/Middleware/Rack/ActionDispatch::Static/call",
            "beginTimeSeconds": 1739052326,
            "endTimeSeconds": 1739073926,
            "count": 12,
            "name": "Controller/Middleware/Rack/ActionDispatch::Static/call",
            "uniqueCount.request.headers.userAgent": 7
          },
          {
            "facet": "Controller/Middleware/Rack/ActionDispatch::Static/call",
            "beginTimeSeconds": 1739073926,
            "endTimeSeconds": 1739095526,
            "count": 13,
            "name": "Controller/Middleware/Rack/ActionDispatch::Static/call",
            "uniqueCount.request.headers.userAgent": 9
          },
          {
            "facet": "Controller/Middleware/Rack/ActionDispatch::Static/call",
            "beginTimeSeconds": 1739095526,
            "endTimeSeconds": 1739117126,
            "count": 26,
            "name": "Controller/Middleware/Rack/ActionDispatch::Static/call",
            "uniqueCount.request.headers.userAgent": 7
          },
          {
            "facet": "Controller/Middleware/Rack/ActionDispatch::Static/call",
            "beginTimeSeconds": 1739117126,
            "endTimeSeconds": 1739138726,
            "count": 17,
            "name": "Controller/Middleware/Rack/ActionDispatch::Static/call",
            "uniqueCount.request.headers.userAgent": 4
          },
          {
            "facet": "Controller/Middleware/Rack/ActionDispatch::Static/call",
            "beginTimeSeconds": 1739138726,
            "endTimeSeconds": 1739160326,
            "count": 19,
            "name": "Controller/Middleware/Rack/ActionDispatch::Static/call",
            "uniqueCount.request.headers.userAgent": 8
          },
          {
            "facet": "Controller/items/list",
            "beginTimeSeconds": 1738555526,
            "endTimeSeconds": 1738577126,
            "count": 0,
            "name": "Controller/items/list",
            "uniqueCount.request.headers.userAgent": 0
          },
          {
            "facet": "Controller/items/list",
            "beginTimeSeconds": 1738577126,
            "endTimeSeconds": 1738598726,
            "count": 0,
            "name": "Controller/items/list",
            "uniqueCount.request.headers.userAgent": 0
          },
          {
            "facet": "Controller/items/list",
            "beginTimeSeconds": 1738598726,
            "endTimeSeconds": 1738620326,
            "count": 0,
            "name": "Controller/items/list",
            "uniqueCount.request.headers.userAgent": 0
          },
          {
            "facet": "Controller/items/list",
            "beginTimeSeconds": 1738620326,
            "endTimeSeconds": 1738641926,
            "count": 10,
            "name": "Controller/items/list",
            "uniqueCount.request.headers.userAgent": 1
          },
          {
            "facet": "Controller/items/list",
            "beginTimeSeconds": 1738641926,
            "endTimeSeconds": 1738663526,
            "count": 0,
            "name": "Controller/items/list",
            "uniqueCount.request.headers.userAgent": 0
          },
          {
            "facet": "Controller/items/list",
            "beginTimeSeconds": 1738663526,
            "endTimeSeconds": 1738685126,
            "count": 0,
            "name": "Controller/items/list",
            "uniqueCount.request.headers.userAgent": 0
          },
          {
            "facet": "Controller/items/list",
            "beginTimeSeconds": 1738685126,
            "endTimeSeconds": 1738706726,
            "count": 43,
            "name": "Controller/items/list",
            "uniqueCount.request.headers.userAgent": 2
          },
          {
            "facet": "Controller/items/list",
            "beginTimeSeconds": 1738706726,
            "endTimeSeconds": 1738728326,
            "count": 0,
            "name": "Controller/items/list",
            "uniqueCount.request.headers.userAgent": 0
          },
          {
            "facet": "Controller/items/list",
            "beginTimeSeconds": 1738728326,
            "endTimeSeconds": 1738749926,
            "count": 0,
            "name": "Controller/items/list",
            "uniqueCount.request.headers.userAgent": 0
          },
          {
            "facet": "Controller/items/list",
            "beginTimeSeconds": 1738749926,
            "endTimeSeconds": 1738771526,
            "count": 0,
            "name": "Controller/items/list",
            "uniqueCount.request.headers.userAgent": 0
          },
          {
            "facet": "Controller/items/list",
            "beginTimeSeconds": 1738771526,
            "endTimeSeconds": 1738793126,
            "count": 0,
            "name": "Controller/items/list",
            "uniqueCount.request.headers.userAgent": 0
          },
          {
            "facet": "Controller/items/list",
            "beginTimeSeconds": 1738793126,
            "endTimeSeconds": 1738814726,
            "count": 0,
            "name": "Controller/items/list",
            "uniqueCount.request.headers.userAgent": 0
          },
          {
            "facet": "Controller/items/list",
            "beginTimeSeconds": 1738814726,
            "endTimeSeconds": 1738836326,
            "count": 0,
            "name": "Controller/items/list",
            "uniqueCount.request.headers.userAgent": 0
          },
          {
            "facet": "Controller/items/list",
            "beginTimeSeconds": 1738836326,
            "endTimeSeconds": 1738857926,
            "count": 0,
            "name": "Controller/items/list",
            "uniqueCount.request.headers.userAgent": 0
          },
          {
            "facet": "Controller/items/list",
            "beginTimeSeconds": 1738857926,
            "endTimeSeconds": 1738879526,
            "count": 94,
            "name": "Controller/items/list",
            "uniqueCount.request.headers.userAgent": 1
          },
          {
            "facet": "Controller/items/list",
            "beginTimeSeconds": 1738879526,
            "endTimeSeconds": 1738901126,
            "count": 1,
            "name": "Controller/items/list",
            "uniqueCount.request.headers.userAgent": 1
          },
          {
            "facet": "Controller/items/list",
            "beginTimeSeconds": 1738901126,
            "endTimeSeconds": 1738922726,
            "count": 0,
            "name": "Controller/items/list",
            "uniqueCount.request.headers.userAgent": 0
          },
          {
            "facet": "Controller/items/list",
            "beginTimeSeconds": 1738922726,
            "endTimeSeconds": 1738944326,
            "count": 0,
            "name": "Controller/items/list",
            "uniqueCount.request.headers.userAgent": 0
          },
          {
            "facet": "Controller/items/list",
            "beginTimeSeconds": 1738944326,
            "endTimeSeconds": 1738965926,
            "count": 40,
            "name": "Controller/items/list",
            "uniqueCount.request.headers.userAgent": 1
          },
          {
            "facet": "Controller/items/list",
            "beginTimeSeconds": 1738965926,
            "endTimeSeconds": 1738987526,
            "count": 0,
            "name": "Controller/items/list",
            "uniqueCount.request.headers.userAgent": 0
          },
          {
            "facet": "Controller/items/list",
            "beginTimeSeconds": 1738987526,
            "endTimeSeconds": 1739009126,
            "count": 0,
            "name": "Controller/items/list",
            "uniqueCount.request.headers.userAgent": 0
          },
          {
            "facet": "Controller/items/list",
            "beginTimeSeconds": 1739009126,
            "endTimeSeconds": 1739030726,
            "count": 0,
            "name": "Controller/items/list",
            "uniqueCount.request.headers.userAgent": 0
          },
          {
            "facet": "Controller/items/list",
            "beginTimeSeconds": 1739030726,
            "endTimeSeconds": 1739052326,
            "count": 12,
            "name": "Controller/items/list",
            "uniqueCount.request.headers.userAgent": 1
          },
          {
            "facet": "Controller/items/list",
            "beginTimeSeconds": 1739052326,
            "endTimeSeconds": 1739073926,
            "count": 0,
            "name": "Controller/items/list",
            "uniqueCount.request.headers.userAgent": 0
          },
          {
            "facet": "Controller/items/list",
            "beginTimeSeconds": 1739073926,
            "endTimeSeconds": 1739095526,
            "count": 0,
            "name": "Controller/items/list",
            "uniqueCount.request.headers.userAgent": 0
          },
          {
            "facet": "Controller/items/list",
            "beginTimeSeconds": 1739095526,
            "endTimeSeconds": 1739117126,
            "count": 17,
            "name": "Controller/items/list",
            "uniqueCount.request.headers.userAgent": 1
          },
          {
            "facet": "Controller/items/list",
            "beginTimeSeconds": 1739117126,
            "endTimeSeconds": 1739138726,
            "count": 116,
            "name": "Controller/items/list",
            "uniqueCount.request.headers.userAgent": 1
          },
          {
            "facet": "Controller/items/list",
            "beginTimeSeconds": 1739138726,
            "endTimeSeconds": 1739160326,
            "count": 29,
            "name": "Controller/items/list",
            "uniqueCount.request.headers.userAgent": 1
          },
          {
            "facet": "Controller/GraphQL/query.useSupplierSelection",
            "beginTimeSeconds": 1738555526,
            "endTimeSeconds": 1738577126,
            "count": 0,
            "name": "Controller/GraphQL/query.useSupplierSelection",
            "uniqueCount.request.headers.userAgent": 0
          },
          {
            "facet": "Controller/GraphQL/query.useSupplierSelection",
            "beginTimeSeconds": 1738577126,
            "endTimeSeconds": 1738598726,
            "count": 0,
            "name": "Controller/GraphQL/query.useSupplierSelection",
            "uniqueCount.request.headers.userAgent": 0
          },
          {
            "facet": "Controller/GraphQL/query.useSupplierSelection",
            "beginTimeSeconds": 1738598726,
            "endTimeSeconds": 1738620326,
            "count": 0,
            "name": "Controller/GraphQL/query.useSupplierSelection",
            "uniqueCount.request.headers.userAgent": 0
          },
          {
            "facet": "Controller/GraphQL/query.useSupplierSelection",
            "beginTimeSeconds": 1738620326,
            "endTimeSeconds": 1738641926,
            "count": 0,
            "name": "Controller/GraphQL/query.useSupplierSelection",
            "uniqueCount.request.headers.userAgent": 0
          },
          {
            "facet": "Controller/GraphQL/query.useSupplierSelection",
            "beginTimeSeconds": 1738641926,
            "endTimeSeconds": 1738663526,
            "count": 0,
            "name": "Controller/GraphQL/query.useSupplierSelection",
            "uniqueCount.request.headers.userAgent": 0
          },
          {
            "facet": "Controller/GraphQL/query.useSupplierSelection",
            "beginTimeSeconds": 1738663526,
            "endTimeSeconds": 1738685126,
            "count": 0,
            "name": "Controller/GraphQL/query.useSupplierSelection",
            "uniqueCount.request.headers.userAgent": 0
          },
          {
            "facet": "Controller/GraphQL/query.useSupplierSelection",
            "beginTimeSeconds": 1738685126,
            "endTimeSeconds": 1738706726,
            "count": 51,
            "name": "Controller/GraphQL/query.useSupplierSelection",
            "uniqueCount.request.headers.userAgent": 2
          },
          {
            "facet": "Controller/GraphQL/query.useSupplierSelection",
            "beginTimeSeconds": 1738706726,
            "endTimeSeconds": 1738728326,
            "count": 0,
            "name": "Controller/GraphQL/query.useSupplierSelection",
            "uniqueCount.request.headers.userAgent": 0
          },
          {
            "facet": "Controller/GraphQL/query.useSupplierSelection",
            "beginTimeSeconds": 1738728326,
            "endTimeSeconds": 1738749926,
            "count": 0,
            "name": "Controller/GraphQL/query.useSupplierSelection",
            "uniqueCount.request.headers.userAgent": 0
          },
          {
            "facet": "Controller/GraphQL/query.useSupplierSelection",
            "beginTimeSeconds": 1738749926,
            "endTimeSeconds": 1738771526,
            "count": 0,
            "name": "Controller/GraphQL/query.useSupplierSelection",
            "uniqueCount.request.headers.userAgent": 0
          },
          {
            "facet": "Controller/GraphQL/query.useSupplierSelection",
            "beginTimeSeconds": 1738771526,
            "endTimeSeconds": 1738793126,
            "count": 0,
            "name": "Controller/GraphQL/query.useSupplierSelection",
            "uniqueCount.request.headers.userAgent": 0
          },
          {
            "facet": "Controller/GraphQL/query.useSupplierSelection",
            "beginTimeSeconds": 1738793126,
            "endTimeSeconds": 1738814726,
            "count": 0,
            "name": "Controller/GraphQL/query.useSupplierSelection",
            "uniqueCount.request.headers.userAgent": 0
          },
          {
            "facet": "Controller/GraphQL/query.useSupplierSelection",
            "beginTimeSeconds": 1738814726,
            "endTimeSeconds": 1738836326,
            "count": 0,
            "name": "Controller/GraphQL/query.useSupplierSelection",
            "uniqueCount.request.headers.userAgent": 0
          },
          {
            "facet": "Controller/GraphQL/query.useSupplierSelection",
            "beginTimeSeconds": 1738836326,
            "endTimeSeconds": 1738857926,
            "count": 0,
            "name": "Controller/GraphQL/query.useSupplierSelection",
            "uniqueCount.request.headers.userAgent": 0
          },
          {
            "facet": "Controller/GraphQL/query.useSupplierSelection",
            "beginTimeSeconds": 1738857926,
            "endTimeSeconds": 1738879526,
            "count": 70,
            "name": "Controller/GraphQL/query.useSupplierSelection",
            "uniqueCount.request.headers.userAgent": 1
          },
          {
            "facet": "Controller/GraphQL/query.useSupplierSelection",
            "beginTimeSeconds": 1738879526,
            "endTimeSeconds": 1738901126,
            "count": 0,
            "name": "Controller/GraphQL/query.useSupplierSelection",
            "uniqueCount.request.headers.userAgent": 0
          },
          {
            "facet": "Controller/GraphQL/query.useSupplierSelection",
            "beginTimeSeconds": 1738901126,
            "endTimeSeconds": 1738922726,
            "count": 0,
            "name": "Controller/GraphQL/query.useSupplierSelection",
            "uniqueCount.request.headers.userAgent": 0
          },
          {
            "facet": "Controller/GraphQL/query.useSupplierSelection",
            "beginTimeSeconds": 1738922726,
            "endTimeSeconds": 1738944326,
            "count": 0,
            "name": "Controller/GraphQL/query.useSupplierSelection",
            "uniqueCount.request.headers.userAgent": 0
          },
          {
            "facet": "Controller/GraphQL/query.useSupplierSelection",
            "beginTimeSeconds": 1738944326,
            "endTimeSeconds": 1738965926,
            "count": 5,
            "name": "Controller/GraphQL/query.useSupplierSelection",
            "uniqueCount.request.headers.userAgent": 1
          },
          {
            "facet": "Controller/GraphQL/query.useSupplierSelection",
            "beginTimeSeconds": 1738965926,
            "endTimeSeconds": 1738987526,
            "count": 0,
            "name": "Controller/GraphQL/query.useSupplierSelection",
            "uniqueCount.request.headers.userAgent": 0
          },
          {
            "facet": "Controller/GraphQL/query.useSupplierSelection",
            "beginTimeSeconds": 1738987526,
            "endTimeSeconds": 1739009126,
            "count": 0,
            "name": "Controller/GraphQL/query.useSupplierSelection",
            "uniqueCount.request.headers.userAgent": 0
          },
          {
            "facet": "Controller/GraphQL/query.useSupplierSelection",
            "beginTimeSeconds": 1739009126,
            "endTimeSeconds": 1739030726,
            "count": 0,
            "name": "Controller/GraphQL/query.useSupplierSelection",
            "uniqueCount.request.headers.userAgent": 0
          },
          {
            "facet": "Controller/GraphQL/query.useSupplierSelection",
            "beginTimeSeconds": 1739030726,
            "endTimeSeconds": 1739052326,
            "count": 18,
            "name": "Controller/GraphQL/query.useSupplierSelection",
            "uniqueCount.request.headers.userAgent": 1
          },
          {
            "facet": "Controller/GraphQL/query.useSupplierSelection",
            "beginTimeSeconds": 1739052326,
            "endTimeSeconds": 1739073926,
            "count": 0,
            "name": "Controller/GraphQL/query.useSupplierSelection",
            "uniqueCount.request.headers.userAgent": 0
          },
          {
            "facet": "Controller/GraphQL/query.useSupplierSelection",
            "beginTimeSeconds": 1739073926,
            "endTimeSeconds": 1739095526,
            "count": 0,
            "name": "Controller/GraphQL/query.useSupplierSelection",
            "uniqueCount.request.headers.userAgent": 0
          },
          {
            "facet": "Controller/GraphQL/query.useSupplierSelection",
            "beginTimeSeconds": 1739095526,
            "endTimeSeconds": 1739117126,
            "count": 24,
            "name": "Controller/GraphQL/query.useSupplierSelection",
            "uniqueCount.request.headers.userAgent": 1
          },
          {
            "facet": "Controller/GraphQL/query.useSupplierSelection",
            "beginTimeSeconds": 1739117126,
            "endTimeSeconds": 1739138726,
            "count": 50,
            "name": "Controller/GraphQL/query.useSupplierSelection",
            "uniqueCount.request.headers.userAgent": 1
          },
          {
            "facet": "Controller/GraphQL/query.useSupplierSelection",
            "beginTimeSeconds": 1739138726,
            "endTimeSeconds": 1739160326,
            "count": 36,
            "name": "Controller/GraphQL/query.useSupplierSelection",
            "uniqueCount.request.headers.userAgent": 1
          },
          {
            "facet": "Controller/GraphQL/query.useItem",
            "beginTimeSeconds": 1738555526,
            "endTimeSeconds": 1738577126,
            "count": 0,
            "name": "Controller/GraphQL/query.useItem",
            "uniqueCount.request.headers.userAgent": 0
          },
          {
            "facet": "Controller/GraphQL/query.useItem",
            "beginTimeSeconds": 1738577126,
            "endTimeSeconds": 1738598726,
            "count": 0,
            "name": "Controller/GraphQL/query.useItem",
            "uniqueCount.request.headers.userAgent": 0
          },
          {
            "facet": "Controller/GraphQL/query.useItem",
            "beginTimeSeconds": 1738598726,
            "endTimeSeconds": 1738620326,
            "count": 0,
            "name": "Controller/GraphQL/query.useItem",
            "uniqueCount.request.headers.userAgent": 0
          },
          {
            "facet": "Controller/GraphQL/query.useItem",
            "beginTimeSeconds": 1738620326,
            "endTimeSeconds": 1738641926,
            "count": 0,
            "name": "Controller/GraphQL/query.useItem",
            "uniqueCount.request.headers.userAgent": 0
          },
          {
            "facet": "Controller/GraphQL/query.useItem",
            "beginTimeSeconds": 1738641926,
            "endTimeSeconds": 1738663526,
            "count": 0,
            "name": "Controller/GraphQL/query.useItem",
            "uniqueCount.request.headers.userAgent": 0
          },
          {
            "facet": "Controller/GraphQL/query.useItem",
            "beginTimeSeconds": 1738663526,
            "endTimeSeconds": 1738685126,
            "count": 0,
            "name": "Controller/GraphQL/query.useItem",
            "uniqueCount.request.headers.userAgent": 0
          },
          {
            "facet": "Controller/GraphQL/query.useItem",
            "beginTimeSeconds": 1738685126,
            "endTimeSeconds": 1738706726,
            "count": 51,
            "name": "Controller/GraphQL/query.useItem",
            "uniqueCount.request.headers.userAgent": 2
          },
          {
            "facet": "Controller/GraphQL/query.useItem",
            "beginTimeSeconds": 1738706726,
            "endTimeSeconds": 1738728326,
            "count": 0,
            "name": "Controller/GraphQL/query.useItem",
            "uniqueCount.request.headers.userAgent": 0
          },
          {
            "facet": "Controller/GraphQL/query.useItem",
            "beginTimeSeconds": 1738728326,
            "endTimeSeconds": 1738749926,
            "count": 0,
            "name": "Controller/GraphQL/query.useItem",
            "uniqueCount.request.headers.userAgent": 0
          },
          {
            "facet": "Controller/GraphQL/query.useItem",
            "beginTimeSeconds": 1738749926,
            "endTimeSeconds": 1738771526,
            "count": 0,
            "name": "Controller/GraphQL/query.useItem",
            "uniqueCount.request.headers.userAgent": 0
          },
          {
            "facet": "Controller/GraphQL/query.useItem",
            "beginTimeSeconds": 1738771526,
            "endTimeSeconds": 1738793126,
            "count": 0,
            "name": "Controller/GraphQL/query.useItem",
            "uniqueCount.request.headers.userAgent": 0
          },
          {
            "facet": "Controller/GraphQL/query.useItem",
            "beginTimeSeconds": 1738793126,
            "endTimeSeconds": 1738814726,
            "count": 0,
            "name": "Controller/GraphQL/query.useItem",
            "uniqueCount.request.headers.userAgent": 0
          },
          {
            "facet": "Controller/GraphQL/query.useItem",
            "beginTimeSeconds": 1738814726,
            "endTimeSeconds": 1738836326,
            "count": 0,
            "name": "Controller/GraphQL/query.useItem",
            "uniqueCount.request.headers.userAgent": 0
          },
          {
            "facet": "Controller/GraphQL/query.useItem",
            "beginTimeSeconds": 1738836326,
            "endTimeSeconds": 1738857926,
            "count": 0,
            "name": "Controller/GraphQL/query.useItem",
            "uniqueCount.request.headers.userAgent": 0
          },
          {
            "facet": "Controller/GraphQL/query.useItem",
            "beginTimeSeconds": 1738857926,
            "endTimeSeconds": 1738879526,
            "count": 70,
            "name": "Controller/GraphQL/query.useItem",
            "uniqueCount.request.headers.userAgent": 1
          },
          {
            "facet": "Controller/GraphQL/query.useItem",
            "beginTimeSeconds": 1738879526,
            "endTimeSeconds": 1738901126,
            "count": 0,
            "name": "Controller/GraphQL/query.useItem",
            "uniqueCount.request.headers.userAgent": 0
          },
          {
            "facet": "Controller/GraphQL/query.useItem",
            "beginTimeSeconds": 1738901126,
            "endTimeSeconds": 1738922726,
            "count": 0,
            "name": "Controller/GraphQL/query.useItem",
            "uniqueCount.request.headers.userAgent": 0
          },
          {
            "facet": "Controller/GraphQL/query.useItem",
            "beginTimeSeconds": 1738922726,
            "endTimeSeconds": 1738944326,
            "count": 0,
            "name": "Controller/GraphQL/query.useItem",
            "uniqueCount.request.headers.userAgent": 0
          },
          {
            "facet": "Controller/GraphQL/query.useItem",
            "beginTimeSeconds": 1738944326,
            "endTimeSeconds": 1738965926,
            "count": 5,
            "name": "Controller/GraphQL/query.useItem",
            "uniqueCount.request.headers.userAgent": 1
          },
          {
            "facet": "Controller/GraphQL/query.useItem",
            "beginTimeSeconds": 1738965926,
            "endTimeSeconds": 1738987526,
            "count": 0,
            "name": "Controller/GraphQL/query.useItem",
            "uniqueCount.request.headers.userAgent": 0
          },
          {
            "facet": "Controller/GraphQL/query.useItem",
            "beginTimeSeconds": 1738987526,
            "endTimeSeconds": 1739009126,
            "count": 0,
            "name": "Controller/GraphQL/query.useItem",
            "uniqueCount.request.headers.userAgent": 0
          },
          {
            "facet": "Controller/GraphQL/query.useItem",
            "beginTimeSeconds": 1739009126,
            "endTimeSeconds": 1739030726,
            "count": 0,
            "name": "Controller/GraphQL/query.useItem",
            "uniqueCount.request.headers.userAgent": 0
          },
          {
            "facet": "Controller/GraphQL/query.useItem",
            "beginTimeSeconds": 1739030726,
            "endTimeSeconds": 1739052326,
            "count": 18,
            "name": "Controller/GraphQL/query.useItem",
            "uniqueCount.request.headers.userAgent": 1
          },
          {
            "facet": "Controller/GraphQL/query.useItem",
            "beginTimeSeconds": 1739052326,
            "endTimeSeconds": 1739073926,
            "count": 0,
            "name": "Controller/GraphQL/query.useItem",
            "uniqueCount.request.headers.userAgent": 0
          },
          {
            "facet": "Controller/GraphQL/query.useItem",
            "beginTimeSeconds": 1739073926,
            "endTimeSeconds": 1739095526,
            "count": 0,
            "name": "Controller/GraphQL/query.useItem",
            "uniqueCount.request.headers.userAgent": 0
          },
          {
            "facet": "Controller/GraphQL/query.useItem",
            "beginTimeSeconds": 1739095526,
            "endTimeSeconds": 1739117126,
            "count": 24,
            "name": "Controller/GraphQL/query.useItem",
            "uniqueCount.request.headers.userAgent": 1
          },
          {
            "facet": "Controller/GraphQL/query.useItem",
            "beginTimeSeconds": 1739117126,
            "endTimeSeconds": 1739138726,
            "count": 50,
            "name": "Controller/GraphQL/query.useItem",
            "uniqueCount.request.headers.userAgent": 1
          },
          {
            "facet": "Controller/GraphQL/query.useItem",
            "beginTimeSeconds": 1739138726,
            "endTimeSeconds": 1739160326,
            "count": 36,
            "name": "Controller/GraphQL/query.useItem",
            "uniqueCount.request.headers.userAgent": 1
          },
          {
            "facet": "Controller/GraphQL/query.useTagGroups",
            "beginTimeSeconds": 1738555526,
            "endTimeSeconds": 1738577126,
            "count": 0,
            "name": "Controller/GraphQL/query.useTagGroups",
            "uniqueCount.request.headers.userAgent": 0
          },
          {
            "facet": "Controller/GraphQL/query.useTagGroups",
            "beginTimeSeconds": 1738577126,
            "endTimeSeconds": 1738598726,
            "count": 0,
            "name": "Controller/GraphQL/query.useTagGroups",
            "uniqueCount.request.headers.userAgent": 0
          },
          {
            "facet": "Controller/GraphQL/query.useTagGroups",
            "beginTimeSeconds": 1738598726,
            "endTimeSeconds": 1738620326,
            "count": 0,
            "name": "Controller/GraphQL/query.useTagGroups",
            "uniqueCount.request.headers.userAgent": 0
          },
          {
            "facet": "Controller/GraphQL/query.useTagGroups",
            "beginTimeSeconds": 1738620326,
            "endTimeSeconds": 1738641926,
            "count": 0,
            "name": "Controller/GraphQL/query.useTagGroups",
            "uniqueCount.request.headers.userAgent": 0
          },
          {
            "facet": "Controller/GraphQL/query.useTagGroups",
            "beginTimeSeconds": 1738641926,
            "endTimeSeconds": 1738663526,
            "count": 0,
            "name": "Controller/GraphQL/query.useTagGroups",
            "uniqueCount.request.headers.userAgent": 0
          },
          {
            "facet": "Controller/GraphQL/query.useTagGroups",
            "beginTimeSeconds": 1738663526,
            "endTimeSeconds": 1738685126,
            "count": 0,
            "name": "Controller/GraphQL/query.useTagGroups",
            "uniqueCount.request.headers.userAgent": 0
          },
          {
            "facet": "Controller/GraphQL/query.useTagGroups",
            "beginTimeSeconds": 1738685126,
            "endTimeSeconds": 1738706726,
            "count": 51,
            "name": "Controller/GraphQL/query.useTagGroups",
            "uniqueCount.request.headers.userAgent": 2
          },
          {
            "facet": "Controller/GraphQL/query.useTagGroups",
            "beginTimeSeconds": 1738706726,
            "endTimeSeconds": 1738728326,
            "count": 0,
            "name": "Controller/GraphQL/query.useTagGroups",
            "uniqueCount.request.headers.userAgent": 0
          },
          {
            "facet": "Controller/GraphQL/query.useTagGroups",
            "beginTimeSeconds": 1738728326,
            "endTimeSeconds": 1738749926,
            "count": 0,
            "name": "Controller/GraphQL/query.useTagGroups",
            "uniqueCount.request.headers.userAgent": 0
          },
          {
            "facet": "Controller/GraphQL/query.useTagGroups",
            "beginTimeSeconds": 1738749926,
            "endTimeSeconds": 1738771526,
            "count": 0,
            "name": "Controller/GraphQL/query.useTagGroups",
            "uniqueCount.request.headers.userAgent": 0
          },
          {
            "facet": "Controller/GraphQL/query.useTagGroups",
            "beginTimeSeconds": 1738771526,
            "endTimeSeconds": 1738793126,
            "count": 0,
            "name": "Controller/GraphQL/query.useTagGroups",
            "uniqueCount.request.headers.userAgent": 0
          },
          {
            "facet": "Controller/GraphQL/query.useTagGroups",
            "beginTimeSeconds": 1738793126,
            "endTimeSeconds": 1738814726,
            "count": 0,
            "name": "Controller/GraphQL/query.useTagGroups",
            "uniqueCount.request.headers.userAgent": 0
          },
          {
            "facet": "Controller/GraphQL/query.useTagGroups",
            "beginTimeSeconds": 1738814726,
            "endTimeSeconds": 1738836326,
            "count": 0,
            "name": "Controller/GraphQL/query.useTagGroups",
            "uniqueCount.request.headers.userAgent": 0
          },
          {
            "facet": "Controller/GraphQL/query.useTagGroups",
            "beginTimeSeconds": 1738836326,
            "endTimeSeconds": 1738857926,
            "count": 0,
            "name": "Controller/GraphQL/query.useTagGroups",
            "uniqueCount.request.headers.userAgent": 0
          },
          {
            "facet": "Controller/GraphQL/query.useTagGroups",
            "beginTimeSeconds": 1738857926,
            "endTimeSeconds": 1738879526,
            "count": 70,
            "name": "Controller/GraphQL/query.useTagGroups",
            "uniqueCount.request.headers.userAgent": 1
          },
          {
            "facet": "Controller/GraphQL/query.useTagGroups",
            "beginTimeSeconds": 1738879526,
            "endTimeSeconds": 1738901126,
            "count": 0,
            "name": "Controller/GraphQL/query.useTagGroups",
            "uniqueCount.request.headers.userAgent": 0
          },
          {
            "facet": "Controller/GraphQL/query.useTagGroups",
            "beginTimeSeconds": 1738901126,
            "endTimeSeconds": 1738922726,
            "count": 0,
            "name": "Controller/GraphQL/query.useTagGroups",
            "uniqueCount.request.headers.userAgent": 0
          },
          {
            "facet": "Controller/GraphQL/query.useTagGroups",
            "beginTimeSeconds": 1738922726,
            "endTimeSeconds": 1738944326,
            "count": 0,
            "name": "Controller/GraphQL/query.useTagGroups",
            "uniqueCount.request.headers.userAgent": 0
          },
          {
            "facet": "Controller/GraphQL/query.useTagGroups",
            "beginTimeSeconds": 1738944326,
            "endTimeSeconds": 1738965926,
            "count": 5,
            "name": "Controller/GraphQL/query.useTagGroups",
            "uniqueCount.request.headers.userAgent": 1
          },
          {
            "facet": "Controller/GraphQL/query.useTagGroups",
            "beginTimeSeconds": 1738965926,
            "endTimeSeconds": 1738987526,
            "count": 0,
            "name": "Controller/GraphQL/query.useTagGroups",
            "uniqueCount.request.headers.userAgent": 0
          },
          {
            "facet": "Controller/GraphQL/query.useTagGroups",
            "beginTimeSeconds": 1738987526,
            "endTimeSeconds": 1739009126,
            "count": 0,
            "name": "Controller/GraphQL/query.useTagGroups",
            "uniqueCount.request.headers.userAgent": 0
          },
          {
            "facet": "Controller/GraphQL/query.useTagGroups",
            "beginTimeSeconds": 1739009126,
            "endTimeSeconds": 1739030726,
            "count": 0,
            "name": "Controller/GraphQL/query.useTagGroups",
            "uniqueCount.request.headers.userAgent": 0
          },
          {
            "facet": "Controller/GraphQL/query.useTagGroups",
            "beginTimeSeconds": 1739030726,
            "endTimeSeconds": 1739052326,
            "count": 18,
            "name": "Controller/GraphQL/query.useTagGroups",
            "uniqueCount.request.headers.userAgent": 1
          },
          {
            "facet": "Controller/GraphQL/query.useTagGroups",
            "beginTimeSeconds": 1739052326,
            "endTimeSeconds": 1739073926,
            "count": 0,
            "name": "Controller/GraphQL/query.useTagGroups",
            "uniqueCount.request.headers.userAgent": 0
          },
          {
            "facet": "Controller/GraphQL/query.useTagGroups",
            "beginTimeSeconds": 1739073926,
            "endTimeSeconds": 1739095526,
            "count": 0,
            "name": "Controller/GraphQL/query.useTagGroups",
            "uniqueCount.request.headers.userAgent": 0
          },
          {
            "facet": "Controller/GraphQL/query.useTagGroups",
            "beginTimeSeconds": 1739095526,
            "endTimeSeconds": 1739117126,
            "count": 24,
            "name": "Controller/GraphQL/query.useTagGroups",
            "uniqueCount.request.headers.userAgent": 1
          },
          {
            "facet": "Controller/GraphQL/query.useTagGroups",
            "beginTimeSeconds": 1739117126,
            "endTimeSeconds": 1739138726,
            "count": 50,
            "name": "Controller/GraphQL/query.useTagGroups",
            "uniqueCount.request.headers.userAgent": 1
          },
          {
            "facet": "Controller/GraphQL/query.useTagGroups",
            "beginTimeSeconds": 1739138726,
            "endTimeSeconds": 1739160326,
            "count": 36,
            "name": "Controller/GraphQL/query.useTagGroups",
            "uniqueCount.request.headers.userAgent": 1
          },
          {
            "facet": "Controller/GraphQL/mutation.useSaveItem",
            "beginTimeSeconds": 1738555526,
            "endTimeSeconds": 1738577126,
            "count": 0,
            "name": "Controller/GraphQL/mutation.useSaveItem",
            "uniqueCount.request.headers.userAgent": 0
          },
          {
            "facet": "Controller/GraphQL/mutation.useSaveItem",
            "beginTimeSeconds": 1738577126,
            "endTimeSeconds": 1738598726,
            "count": 0,
            "name": "Controller/GraphQL/mutation.useSaveItem",
            "uniqueCount.request.headers.userAgent": 0
          },
          {
            "facet": "Controller/GraphQL/mutation.useSaveItem",
            "beginTimeSeconds": 1738598726,
            "endTimeSeconds": 1738620326,
            "count": 0,
            "name": "Controller/GraphQL/mutation.useSaveItem",
            "uniqueCount.request.headers.userAgent": 0
          },
          {
            "facet": "Controller/GraphQL/mutation.useSaveItem",
            "beginTimeSeconds": 1738620326,
            "endTimeSeconds": 1738641926,
            "count": 0,
            "name": "Controller/GraphQL/mutation.useSaveItem",
            "uniqueCount.request.headers.userAgent": 0
          },
          {
            "facet": "Controller/GraphQL/mutation.useSaveItem",
            "beginTimeSeconds": 1738641926,
            "endTimeSeconds": 1738663526,
            "count": 0,
            "name": "Controller/GraphQL/mutation.useSaveItem",
            "uniqueCount.request.headers.userAgent": 0
          },
          {
            "facet": "Controller/GraphQL/mutation.useSaveItem",
            "beginTimeSeconds": 1738663526,
            "endTimeSeconds": 1738685126,
            "count": 0,
            "name": "Controller/GraphQL/mutation.useSaveItem",
            "uniqueCount.request.headers.userAgent": 0
          },
          {
            "facet": "Controller/GraphQL/mutation.useSaveItem",
            "beginTimeSeconds": 1738685126,
            "endTimeSeconds": 1738706726,
            "count": 40,
            "name": "Controller/GraphQL/mutation.useSaveItem",
            "uniqueCount.request.headers.userAgent": 1
          },
          {
            "facet": "Controller/GraphQL/mutation.useSaveItem",
            "beginTimeSeconds": 1738706726,
            "endTimeSeconds": 1738728326,
            "count": 0,
            "name": "Controller/GraphQL/mutation.useSaveItem",
            "uniqueCount.request.headers.userAgent": 0
          },
          {
            "facet": "Controller/GraphQL/mutation.useSaveItem",
            "beginTimeSeconds": 1738728326,
            "endTimeSeconds": 1738749926,
            "count": 0,
            "name": "Controller/GraphQL/mutation.useSaveItem",
            "uniqueCount.request.headers.userAgent": 0
          },
          {
            "facet": "Controller/GraphQL/mutation.useSaveItem",
            "beginTimeSeconds": 1738749926,
            "endTimeSeconds": 1738771526,
            "count": 0,
            "name": "Controller/GraphQL/mutation.useSaveItem",
            "uniqueCount.request.headers.userAgent": 0
          },
          {
            "facet": "Controller/GraphQL/mutation.useSaveItem",
            "beginTimeSeconds": 1738771526,
            "endTimeSeconds": 1738793126,
            "count": 0,
            "name": "Controller/GraphQL/mutation.useSaveItem",
            "uniqueCount.request.headers.userAgent": 0
          },
          {
            "facet": "Controller/GraphQL/mutation.useSaveItem",
            "beginTimeSeconds": 1738793126,
            "endTimeSeconds": 1738814726,
            "count": 0,
            "name": "Controller/GraphQL/mutation.useSaveItem",
            "uniqueCount.request.headers.userAgent": 0
          },
          {
            "facet": "Controller/GraphQL/mutation.useSaveItem",
            "beginTimeSeconds": 1738814726,
            "endTimeSeconds": 1738836326,
            "count": 0,
            "name": "Controller/GraphQL/mutation.useSaveItem",
            "uniqueCount.request.headers.userAgent": 0
          },
          {
            "facet": "Controller/GraphQL/mutation.useSaveItem",
            "beginTimeSeconds": 1738836326,
            "endTimeSeconds": 1738857926,
            "count": 0,
            "name": "Controller/GraphQL/mutation.useSaveItem",
            "uniqueCount.request.headers.userAgent": 0
          },
          {
            "facet": "Controller/GraphQL/mutation.useSaveItem",
            "beginTimeSeconds": 1738857926,
            "endTimeSeconds": 1738879526,
            "count": 55,
            "name": "Controller/GraphQL/mutation.useSaveItem",
            "uniqueCount.request.headers.userAgent": 1
          },
          {
            "facet": "Controller/GraphQL/mutation.useSaveItem",
            "beginTimeSeconds": 1738879526,
            "endTimeSeconds": 1738901126,
            "count": 0,
            "name": "Controller/GraphQL/mutation.useSaveItem",
            "uniqueCount.request.headers.userAgent": 0
          },
          {
            "facet": "Controller/GraphQL/mutation.useSaveItem",
            "beginTimeSeconds": 1738901126,
            "endTimeSeconds": 1738922726,
            "count": 0,
            "name": "Controller/GraphQL/mutation.useSaveItem",
            "uniqueCount.request.headers.userAgent": 0
          },
          {
            "facet": "Controller/GraphQL/mutation.useSaveItem",
            "beginTimeSeconds": 1738922726,
            "endTimeSeconds": 1738944326,
            "count": 0,
            "name": "Controller/GraphQL/mutation.useSaveItem",
            "uniqueCount.request.headers.userAgent": 0
          },
          {
            "facet": "Controller/GraphQL/mutation.useSaveItem",
            "beginTimeSeconds": 1738944326,
            "endTimeSeconds": 1738965926,
            "count": 4,
            "name": "Controller/GraphQL/mutation.useSaveItem",
            "uniqueCount.request.headers.userAgent": 1
          },
          {
            "facet": "Controller/GraphQL/mutation.useSaveItem",
            "beginTimeSeconds": 1738965926,
            "endTimeSeconds": 1738987526,
            "count": 0,
            "name": "Controller/GraphQL/mutation.useSaveItem",
            "uniqueCount.request.headers.userAgent": 0
          },
          {
            "facet": "Controller/GraphQL/mutation.useSaveItem",
            "beginTimeSeconds": 1738987526,
            "endTimeSeconds": 1739009126,
            "count": 0,
            "name": "Controller/GraphQL/mutation.useSaveItem",
            "uniqueCount.request.headers.userAgent": 0
          },
          {
            "facet": "Controller/GraphQL/mutation.useSaveItem",
            "beginTimeSeconds": 1739009126,
            "endTimeSeconds": 1739030726,
            "count": 0,
            "name": "Controller/GraphQL/mutation.useSaveItem",
            "uniqueCount.request.headers.userAgent": 0
          },
          {
            "facet": "Controller/GraphQL/mutation.useSaveItem",
            "beginTimeSeconds": 1739030726,
            "endTimeSeconds": 1739052326,
            "count": 26,
            "name": "Controller/GraphQL/mutation.useSaveItem",
            "uniqueCount.request.headers.userAgent": 1
          },
          {
            "facet": "Controller/GraphQL/mutation.useSaveItem",
            "beginTimeSeconds": 1739052326,
            "endTimeSeconds": 1739073926,
            "count": 0,
            "name": "Controller/GraphQL/mutation.useSaveItem",
            "uniqueCount.request.headers.userAgent": 0
          },
          {
            "facet": "Controller/GraphQL/mutation.useSaveItem",
            "beginTimeSeconds": 1739073926,
            "endTimeSeconds": 1739095526,
            "count": 0,
            "name": "Controller/GraphQL/mutation.useSaveItem",
            "uniqueCount.request.headers.userAgent": 0
          },
          {
            "facet": "Controller/GraphQL/mutation.useSaveItem",
            "beginTimeSeconds": 1739095526,
            "endTimeSeconds": 1739117126,
            "count": 23,
            "name": "Controller/GraphQL/mutation.useSaveItem",
            "uniqueCount.request.headers.userAgent": 1
          },
          {
            "facet": "Controller/GraphQL/mutation.useSaveItem",
            "beginTimeSeconds": 1739117126,
            "endTimeSeconds": 1739138726,
            "count": 52,
            "name": "Controller/GraphQL/mutation.useSaveItem",
            "uniqueCount.request.headers.userAgent": 1
          },
          {
            "facet": "Controller/GraphQL/mutation.useSaveItem",
            "beginTimeSeconds": 1739138726,
            "endTimeSeconds": 1739160326,
            "count": 28,
            "name": "Controller/GraphQL/mutation.useSaveItem",
            "uniqueCount.request.headers.userAgent": 1
          },
          {
            "facet": "Controller/items/edit",
            "beginTimeSeconds": 1738555526,
            "endTimeSeconds": 1738577126,
            "count": 0,
            "name": "Controller/items/edit",
            "uniqueCount.request.headers.userAgent": 0
          },
          {
            "facet": "Controller/items/edit",
            "beginTimeSeconds": 1738577126,
            "endTimeSeconds": 1738598726,
            "count": 0,
            "name": "Controller/items/edit",
            "uniqueCount.request.headers.userAgent": 0
          },
          {
            "facet": "Controller/items/edit",
            "beginTimeSeconds": 1738598726,
            "endTimeSeconds": 1738620326,
            "count": 0,
            "name": "Controller/items/edit",
            "uniqueCount.request.headers.userAgent": 0
          },
          {
            "facet": "Controller/items/edit",
            "beginTimeSeconds": 1738620326,
            "endTimeSeconds": 1738641926,
            "count": 0,
            "name": "Controller/items/edit",
            "uniqueCount.request.headers.userAgent": 0
          },
          {
            "facet": "Controller/items/edit",
            "beginTimeSeconds": 1738641926,
            "endTimeSeconds": 1738663526,
            "count": 0,
            "name": "Controller/items/edit",
            "uniqueCount.request.headers.userAgent": 0
          },
          {
            "facet": "Controller/items/edit",
            "beginTimeSeconds": 1738663526,
            "endTimeSeconds": 1738685126,
            "count": 0,
            "name": "Controller/items/edit",
            "uniqueCount.request.headers.userAgent": 0
          },
          {
            "facet": "Controller/items/edit",
            "beginTimeSeconds": 1738685126,
            "endTimeSeconds": 1738706726,
            "count": 43,
            "name": "Controller/items/edit",
            "uniqueCount.request.headers.userAgent": 2
          },
          {
            "facet": "Controller/items/edit",
            "beginTimeSeconds": 1738706726,
            "endTimeSeconds": 1738728326,
            "count": 0,
            "name": "Controller/items/edit",
            "uniqueCount.request.headers.userAgent": 0
          },
          {
            "facet": "Controller/items/edit",
            "beginTimeSeconds": 1738728326,
            "endTimeSeconds": 1738749926,
            "count": 0,
            "name": "Controller/items/edit",
            "uniqueCount.request.headers.userAgent": 0
          },
          {
            "facet": "Controller/items/edit",
            "beginTimeSeconds": 1738749926,
            "endTimeSeconds": 1738771526,
            "count": 0,
            "name": "Controller/items/edit",
            "uniqueCount.request.headers.userAgent": 0
          },
          {
            "facet": "Controller/items/edit",
            "beginTimeSeconds": 1738771526,
            "endTimeSeconds": 1738793126,
            "count": 0,
            "name": "Controller/items/edit",
            "uniqueCount.request.headers.userAgent": 0
          },
          {
            "facet": "Controller/items/edit",
            "beginTimeSeconds": 1738793126,
            "endTimeSeconds": 1738814726,
            "count": 0,
            "name": "Controller/items/edit",
            "uniqueCount.request.headers.userAgent": 0
          },
          {
            "facet": "Controller/items/edit",
            "beginTimeSeconds": 1738814726,
            "endTimeSeconds": 1738836326,
            "count": 0,
            "name": "Controller/items/edit",
            "uniqueCount.request.headers.userAgent": 0
          },
          {
            "facet": "Controller/items/edit",
            "beginTimeSeconds": 1738836326,
            "endTimeSeconds": 1738857926,
            "count": 0,
            "name": "Controller/items/edit",
            "uniqueCount.request.headers.userAgent": 0
          },
          {
            "facet": "Controller/items/edit",
            "beginTimeSeconds": 1738857926,
            "endTimeSeconds": 1738879526,
            "count": 62,
            "name": "Controller/items/edit",
            "uniqueCount.request.headers.userAgent": 1
          },
          {
            "facet": "Controller/items/edit",
            "beginTimeSeconds": 1738879526,
            "endTimeSeconds": 1738901126,
            "count": 0,
            "name": "Controller/items/edit",
            "uniqueCount.request.headers.userAgent": 0
          },
          {
            "facet": "Controller/items/edit",
            "beginTimeSeconds": 1738901126,
            "endTimeSeconds": 1738922726,
            "count": 0,
            "name": "Controller/items/edit",
            "uniqueCount.request.headers.userAgent": 0
          },
          {
            "facet": "Controller/items/edit",
            "beginTimeSeconds": 1738922726,
            "endTimeSeconds": 1738944326,
            "count": 0,
            "name": "Controller/items/edit",
            "uniqueCount.request.headers.userAgent": 0
          },
          {
            "facet": "Controller/items/edit",
            "beginTimeSeconds": 1738944326,
            "endTimeSeconds": 1738965926,
            "count": 3,
            "name": "Controller/items/edit",
            "uniqueCount.request.headers.userAgent": 1
          },
          {
            "facet": "Controller/items/edit",
            "beginTimeSeconds": 1738965926,
            "endTimeSeconds": 1738987526,
            "count": 0,
            "name": "Controller/items/edit",
            "uniqueCount.request.headers.userAgent": 0
          },
          {
            "facet": "Controller/items/edit",
            "beginTimeSeconds": 1738987526,
            "endTimeSeconds": 1739009126,
            "count": 0,
            "name": "Controller/items/edit",
            "uniqueCount.request.headers.userAgent": 0
          },
          {
            "facet": "Controller/items/edit",
            "beginTimeSeconds": 1739009126,
            "endTimeSeconds": 1739030726,
            "count": 0,
            "name": "Controller/items/edit",
            "uniqueCount.request.headers.userAgent": 0
          },
          {
            "facet": "Controller/items/edit",
            "beginTimeSeconds": 1739030726,
            "endTimeSeconds": 1739052326,
            "count": 14,
            "name": "Controller/items/edit",
            "uniqueCount.request.headers.userAgent": 1
          },
          {
            "facet": "Controller/items/edit",
            "beginTimeSeconds": 1739052326,
            "endTimeSeconds": 1739073926,
            "count": 0,
            "name": "Controller/items/edit",
            "uniqueCount.request.headers.userAgent": 0
          },
          {
            "facet": "Controller/items/edit",
            "beginTimeSeconds": 1739073926,
            "endTimeSeconds": 1739095526,
            "count": 0,
            "name": "Controller/items/edit",
            "uniqueCount.request.headers.userAgent": 0
          },
          {
            "facet": "Controller/items/edit",
            "beginTimeSeconds": 1739095526,
            "endTimeSeconds": 1739117126,
            "count": 22,
            "name": "Controller/items/edit",
            "uniqueCount.request.headers.userAgent": 1
          },
          {
            "facet": "Controller/items/edit",
            "beginTimeSeconds": 1739117126,
            "endTimeSeconds": 1739138726,
            "count": 42,
            "name": "Controller/items/edit",
            "uniqueCount.request.headers.userAgent": 1
          },
          {
            "facet": "Controller/items/edit",
            "beginTimeSeconds": 1739138726,
            "endTimeSeconds": 1739160326,
            "count": 32,
            "name": "Controller/items/edit",
            "uniqueCount.request.headers.userAgent": 1
          },
          {
            "facet": "Controller/Middleware/Rack/Rack::Cors/call",
            "beginTimeSeconds": 1738555526,
            "endTimeSeconds": 1738577126,
            "count": 0,
            "name": "Controller/Middleware/Rack/Rack::Cors/call",
            "uniqueCount.request.headers.userAgent": 0
          },
          {
            "facet": "Controller/Middleware/Rack/Rack::Cors/call",
            "beginTimeSeconds": 1738577126,
            "endTimeSeconds": 1738598726,
            "count": 0,
            "name": "Controller/Middleware/Rack/Rack::Cors/call",
            "uniqueCount.request.headers.userAgent": 0
          },
          {
            "facet": "Controller/Middleware/Rack/Rack::Cors/call",
            "beginTimeSeconds": 1738598726,
            "endTimeSeconds": 1738620326,
            "count": 0,
            "name": "Controller/Middleware/Rack/Rack::Cors/call",
            "uniqueCount.request.headers.userAgent": 0
          },
          {
            "facet": "Controller/Middleware/Rack/Rack::Cors/call",
            "beginTimeSeconds": 1738620326,
            "endTimeSeconds": 1738641926,
            "count": 0,
            "name": "Controller/Middleware/Rack/Rack::Cors/call",
            "uniqueCount.request.headers.userAgent": 0
          },
          {
            "facet": "Controller/Middleware/Rack/Rack::Cors/call",
            "beginTimeSeconds": 1738641926,
            "endTimeSeconds": 1738663526,
            "count": 0,
            "name": "Controller/Middleware/Rack/Rack::Cors/call",
            "uniqueCount.request.headers.userAgent": 0
          },
          {
            "facet": "Controller/Middleware/Rack/Rack::Cors/call",
            "beginTimeSeconds": 1738663526,
            "endTimeSeconds": 1738685126,
            "count": 0,
            "name": "Controller/Middleware/Rack/Rack::Cors/call",
            "uniqueCount.request.headers.userAgent": 0
          },
          {
            "facet": "Controller/Middleware/Rack/Rack::Cors/call",
            "beginTimeSeconds": 1738685126,
            "endTimeSeconds": 1738706726,
            "count": 36,
            "name": "Controller/Middleware/Rack/Rack::Cors/call",
            "uniqueCount.request.headers.userAgent": 2
          },
          {
            "facet": "Controller/Middleware/Rack/Rack::Cors/call",
            "beginTimeSeconds": 1738706726,
            "endTimeSeconds": 1738728326,
            "count": 0,
            "name": "Controller/Middleware/Rack/Rack::Cors/call",
            "uniqueCount.request.headers.userAgent": 0
          },
          {
            "facet": "Controller/Middleware/Rack/Rack::Cors/call",
            "beginTimeSeconds": 1738728326,
            "endTimeSeconds": 1738749926,
            "count": 0,
            "name": "Controller/Middleware/Rack/Rack::Cors/call",
            "uniqueCount.request.headers.userAgent": 0
          },
          {
            "facet": "Controller/Middleware/Rack/Rack::Cors/call",
            "beginTimeSeconds": 1738749926,
            "endTimeSeconds": 1738771526,
            "count": 0,
            "name": "Controller/Middleware/Rack/Rack::Cors/call",
            "uniqueCount.request.headers.userAgent": 0
          },
          {
            "facet": "Controller/Middleware/Rack/Rack::Cors/call",
            "beginTimeSeconds": 1738771526,
            "endTimeSeconds": 1738793126,
            "count": 0,
            "name": "Controller/Middleware/Rack/Rack::Cors/call",
            "uniqueCount.request.headers.userAgent": 0
          },
          {
            "facet": "Controller/Middleware/Rack/Rack::Cors/call",
            "beginTimeSeconds": 1738793126,
            "endTimeSeconds": 1738814726,
            "count": 0,
            "name": "Controller/Middleware/Rack/Rack::Cors/call",
            "uniqueCount.request.headers.userAgent": 0
          },
          {
            "facet": "Controller/Middleware/Rack/Rack::Cors/call",
            "beginTimeSeconds": 1738814726,
            "endTimeSeconds": 1738836326,
            "count": 0,
            "name": "Controller/Middleware/Rack/Rack::Cors/call",
            "uniqueCount.request.headers.userAgent": 0
          },
          {
            "facet": "Controller/Middleware/Rack/Rack::Cors/call",
            "beginTimeSeconds": 1738836326,
            "endTimeSeconds": 1738857926,
            "count": 0,
            "name": "Controller/Middleware/Rack/Rack::Cors/call",
            "uniqueCount.request.headers.userAgent": 0
          },
          {
            "facet": "Controller/Middleware/Rack/Rack::Cors/call",
            "beginTimeSeconds": 1738857926,
            "endTimeSeconds": 1738879526,
            "count": 45,
            "name": "Controller/Middleware/Rack/Rack::Cors/call",
            "uniqueCount.request.headers.userAgent": 1
          },
          {
            "facet": "Controller/Middleware/Rack/Rack::Cors/call",
            "beginTimeSeconds": 1738879526,
            "endTimeSeconds": 1738901126,
            "count": 0,
            "name": "Controller/Middleware/Rack/Rack::Cors/call",
            "uniqueCount.request.headers.userAgent": 0
          },
          {
            "facet": "Controller/Middleware/Rack/Rack::Cors/call",
            "beginTimeSeconds": 1738901126,
            "endTimeSeconds": 1738922726,
            "count": 0,
            "name": "Controller/Middleware/Rack/Rack::Cors/call",
            "uniqueCount.request.headers.userAgent": 0
          },
          {
            "facet": "Controller/Middleware/Rack/Rack::Cors/call",
            "beginTimeSeconds": 1738922726,
            "endTimeSeconds": 1738944326,
            "count": 0,
            "name": "Controller/Middleware/Rack/Rack::Cors/call",
            "uniqueCount.request.headers.userAgent": 0
          },
          {
            "facet": "Controller/Middleware/Rack/Rack::Cors/call",
            "beginTimeSeconds": 1738944326,
            "endTimeSeconds": 1738965926,
            "count": 12,
            "name": "Controller/Middleware/Rack/Rack::Cors/call",
            "uniqueCount.request.headers.userAgent": 1
          },
          {
            "facet": "Controller/Middleware/Rack/Rack::Cors/call",
            "beginTimeSeconds": 1738965926,
            "endTimeSeconds": 1738987526,
            "count": 0,
            "name": "Controller/Middleware/Rack/Rack::Cors/call",
            "uniqueCount.request.headers.userAgent": 0
          },
          {
            "facet": "Controller/Middleware/Rack/Rack::Cors/call",
            "beginTimeSeconds": 1738987526,
            "endTimeSeconds": 1739009126,
            "count": 2,
            "name": "Controller/Middleware/Rack/Rack::Cors/call",
            "uniqueCount.request.headers.userAgent": 1
          },
          {
            "facet": "Controller/Middleware/Rack/Rack::Cors/call",
            "beginTimeSeconds": 1739009126,
            "endTimeSeconds": 1739030726,
            "count": 4,
            "name": "Controller/Middleware/Rack/Rack::Cors/call",
            "uniqueCount.request.headers.userAgent": 1
          },
          {
            "facet": "Controller/Middleware/Rack/Rack::Cors/call",
            "beginTimeSeconds": 1739030726,
            "endTimeSeconds": 1739052326,
            "count": 20,
            "name": "Controller/Middleware/Rack/Rack::Cors/call",
            "uniqueCount.request.headers.userAgent": 2
          },
          {
            "facet": "Controller/Middleware/Rack/Rack::Cors/call",
            "beginTimeSeconds": 1739052326,
            "endTimeSeconds": 1739073926,
            "count": 0,
            "name": "Controller/Middleware/Rack/Rack::Cors/call",
            "uniqueCount.request.headers.userAgent": 0
          },
          {
            "facet": "Controller/Middleware/Rack/Rack::Cors/call",
            "beginTimeSeconds": 1739073926,
            "endTimeSeconds": 1739095526,
            "count": 0,
            "name": "Controller/Middleware/Rack/Rack::Cors/call",
            "uniqueCount.request.headers.userAgent": 0
          },
          {
            "facet": "Controller/Middleware/Rack/Rack::Cors/call",
            "beginTimeSeconds": 1739095526,
            "endTimeSeconds": 1739117126,
            "count": 12,
            "name": "Controller/Middleware/Rack/Rack::Cors/call",
            "uniqueCount.request.headers.userAgent": 1
          },
          {
            "facet": "Controller/Middleware/Rack/Rack::Cors/call",
            "beginTimeSeconds": 1739117126,
            "endTimeSeconds": 1739138726,
            "count": 31,
            "name": "Controller/Middleware/Rack/Rack::Cors/call",
            "uniqueCount.request.headers.userAgent": 1
          },
          {
            "facet": "Controller/Middleware/Rack/Rack::Cors/call",
            "beginTimeSeconds": 1739138726,
            "endTimeSeconds": 1739160326,
            "count": 13,
            "name": "Controller/Middleware/Rack/Rack::Cors/call",
            "uniqueCount.request.headers.userAgent": 1
          },
          {
            "facet": "Controller/items/search",
            "beginTimeSeconds": 1738555526,
            "endTimeSeconds": 1738577126,
            "count": 0,
            "name": "Controller/items/search",
            "uniqueCount.request.headers.userAgent": 0
          },
          {
            "facet": "Controller/items/search",
            "beginTimeSeconds": 1738577126,
            "endTimeSeconds": 1738598726,
            "count": 0,
            "name": "Controller/items/search",
            "uniqueCount.request.headers.userAgent": 0
          },
          {
            "facet": "Controller/items/search",
            "beginTimeSeconds": 1738598726,
            "endTimeSeconds": 1738620326,
            "count": 0,
            "name": "Controller/items/search",
            "uniqueCount.request.headers.userAgent": 0
          },
          {
            "facet": "Controller/items/search",
            "beginTimeSeconds": 1738620326,
            "endTimeSeconds": 1738641926,
            "count": 0,
            "name": "Controller/items/search",
            "uniqueCount.request.headers.userAgent": 0
          },
          {
            "facet": "Controller/items/search",
            "beginTimeSeconds": 1738641926,
            "endTimeSeconds": 1738663526,
            "count": 0,
            "name": "Controller/items/search",
            "uniqueCount.request.headers.userAgent": 0
          },
          {
            "facet": "Controller/items/search",
            "beginTimeSeconds": 1738663526,
            "endTimeSeconds": 1738685126,
            "count": 0,
            "name": "Controller/items/search",
            "uniqueCount.request.headers.userAgent": 0
          },
          {
            "facet": "Controller/items/search",
            "beginTimeSeconds": 1738685126,
            "endTimeSeconds": 1738706726,
            "count": 34,
            "name": "Controller/items/search",
            "uniqueCount.request.headers.userAgent": 1
          },
          {
            "facet": "Controller/items/search",
            "beginTimeSeconds": 1738706726,
            "endTimeSeconds": 1738728326,
            "count": 0,
            "name": "Controller/items/search",
            "uniqueCount.request.headers.userAgent": 0
          },
          {
            "facet": "Controller/items/search",
            "beginTimeSeconds": 1738728326,
            "endTimeSeconds": 1738749926,
            "count": 0,
            "name": "Controller/items/search",
            "uniqueCount.request.headers.userAgent": 0
          },
          {
            "facet": "Controller/items/search",
            "beginTimeSeconds": 1738749926,
            "endTimeSeconds": 1738771526,
            "count": 0,
            "name": "Controller/items/search",
            "uniqueCount.request.headers.userAgent": 0
          },
          {
            "facet": "Controller/items/search",
            "beginTimeSeconds": 1738771526,
            "endTimeSeconds": 1738793126,
            "count": 0,
            "name": "Controller/items/search",
            "uniqueCount.request.headers.userAgent": 0
          },
          {
            "facet": "Controller/items/search",
            "beginTimeSeconds": 1738793126,
            "endTimeSeconds": 1738814726,
            "count": 0,
            "name": "Controller/items/search",
            "uniqueCount.request.headers.userAgent": 0
          },
          {
            "facet": "Controller/items/search",
            "beginTimeSeconds": 1738814726,
            "endTimeSeconds": 1738836326,
            "count": 0,
            "name": "Controller/items/search",
            "uniqueCount.request.headers.userAgent": 0
          },
          {
            "facet": "Controller/items/search",
            "beginTimeSeconds": 1738836326,
            "endTimeSeconds": 1738857926,
            "count": 0,
            "name": "Controller/items/search",
            "uniqueCount.request.headers.userAgent": 0
          },
          {
            "facet": "Controller/items/search",
            "beginTimeSeconds": 1738857926,
            "endTimeSeconds": 1738879526,
            "count": 71,
            "name": "Controller/items/search",
            "uniqueCount.request.headers.userAgent": 1
          },
          {
            "facet": "Controller/items/search",
            "beginTimeSeconds": 1738879526,
            "endTimeSeconds": 1738901126,
            "count": 0,
            "name": "Controller/items/search",
            "uniqueCount.request.headers.userAgent": 0
          },
          {
            "facet": "Controller/items/search",
            "beginTimeSeconds": 1738901126,
            "endTimeSeconds": 1738922726,
            "count": 0,
            "name": "Controller/items/search",
            "uniqueCount.request.headers.userAgent": 0
          },
          {
            "facet": "Controller/items/search",
            "beginTimeSeconds": 1738922726,
            "endTimeSeconds": 1738944326,
            "count": 0,
            "name": "Controller/items/search",
            "uniqueCount.request.headers.userAgent": 0
          },
          {
            "facet": "Controller/items/search",
            "beginTimeSeconds": 1738944326,
            "endTimeSeconds": 1738965926,
            "count": 5,
            "name": "Controller/items/search",
            "uniqueCount.request.headers.userAgent": 1
          },
          {
            "facet": "Controller/items/search",
            "beginTimeSeconds": 1738965926,
            "endTimeSeconds": 1738987526,
            "count": 0,
            "name": "Controller/items/search",
            "uniqueCount.request.headers.userAgent": 0
          },
          {
            "facet": "Controller/items/search",
            "beginTimeSeconds": 1738987526,
            "endTimeSeconds": 1739009126,
            "count": 0,
            "name": "Controller/items/search",
            "uniqueCount.request.headers.userAgent": 0
          },
          {
            "facet": "Controller/items/search",
            "beginTimeSeconds": 1739009126,
            "endTimeSeconds": 1739030726,
            "count": 0,
            "name": "Controller/items/search",
            "uniqueCount.request.headers.userAgent": 0
          },
          {
            "facet": "Controller/items/search",
            "beginTimeSeconds": 1739030726,
            "endTimeSeconds": 1739052326,
            "count": 0,
            "name": "Controller/items/search",
            "uniqueCount.request.headers.userAgent": 0
          },
          {
            "facet": "Controller/items/search",
            "beginTimeSeconds": 1739052326,
            "endTimeSeconds": 1739073926,
            "count": 0,
            "name": "Controller/items/search",
            "uniqueCount.request.headers.userAgent": 0
          },
          {
            "facet": "Controller/items/search",
            "beginTimeSeconds": 1739073926,
            "endTimeSeconds": 1739095526,
            "count": 0,
            "name": "Controller/items/search",
            "uniqueCount.request.headers.userAgent": 0
          },
          {
            "facet": "Controller/items/search",
            "beginTimeSeconds": 1739095526,
            "endTimeSeconds": 1739117126,
            "count": 0,
            "name": "Controller/items/search",
            "uniqueCount.request.headers.userAgent": 0
          },
          {
            "facet": "Controller/items/search",
            "beginTimeSeconds": 1739117126,
            "endTimeSeconds": 1739138726,
            "count": 42,
            "name": "Controller/items/search",
            "uniqueCount.request.headers.userAgent": 1
          },
          {
            "facet": "Controller/items/search",
            "beginTimeSeconds": 1739138726,
            "endTimeSeconds": 1739160326,
            "count": 20,
            "name": "Controller/items/search",
            "uniqueCount.request.headers.userAgent": 1
          },
          {
            "facet": "Controller/items/index",
            "beginTimeSeconds": 1738555526,
            "endTimeSeconds": 1738577126,
            "count": 0,
            "name": "Controller/items/index",
            "uniqueCount.request.headers.userAgent": 0
          },
          {
            "facet": "Controller/items/index",
            "beginTimeSeconds": 1738577126,
            "endTimeSeconds": 1738598726,
            "count": 0,
            "name": "Controller/items/index",
            "uniqueCount.request.headers.userAgent": 0
          },
          {
            "facet": "Controller/items/index",
            "beginTimeSeconds": 1738598726,
            "endTimeSeconds": 1738620326,
            "count": 0,
            "name": "Controller/items/index",
            "uniqueCount.request.headers.userAgent": 0
          },
          {
            "facet": "Controller/items/index",
            "beginTimeSeconds": 1738620326,
            "endTimeSeconds": 1738641926,
            "count": 1,
            "name": "Controller/items/index",
            "uniqueCount.request.headers.userAgent": 1
          },
          {
            "facet": "Controller/items/index",
            "beginTimeSeconds": 1738641926,
            "endTimeSeconds": 1738663526,
            "count": 0,
            "name": "Controller/items/index",
            "uniqueCount.request.headers.userAgent": 0
          },
          {
            "facet": "Controller/items/index",
            "beginTimeSeconds": 1738663526,
            "endTimeSeconds": 1738685126,
            "count": 0,
            "name": "Controller/items/index",
            "uniqueCount.request.headers.userAgent": 0
          },
          {
            "facet": "Controller/items/index",
            "beginTimeSeconds": 1738685126,
            "endTimeSeconds": 1738706726,
            "count": 10,
            "name": "Controller/items/index",
            "uniqueCount.request.headers.userAgent": 2
          },
          {
            "facet": "Controller/items/index",
            "beginTimeSeconds": 1738706726,
            "endTimeSeconds": 1738728326,
            "count": 0,
            "name": "Controller/items/index",
            "uniqueCount.request.headers.userAgent": 0
          },
          {
            "facet": "Controller/items/index",
            "beginTimeSeconds": 1738728326,
            "endTimeSeconds": 1738749926,
            "count": 0,
            "name": "Controller/items/index",
            "uniqueCount.request.headers.userAgent": 0
          },
          {
            "facet": "Controller/items/index",
            "beginTimeSeconds": 1738749926,
            "endTimeSeconds": 1738771526,
            "count": 0,
            "name": "Controller/items/index",
            "uniqueCount.request.headers.userAgent": 0
          },
          {
            "facet": "Controller/items/index",
            "beginTimeSeconds": 1738771526,
            "endTimeSeconds": 1738793126,
            "count": 0,
            "name": "Controller/items/index",
            "uniqueCount.request.headers.userAgent": 0
          },
          {
            "facet": "Controller/items/index",
            "beginTimeSeconds": 1738793126,
            "endTimeSeconds": 1738814726,
            "count": 0,
            "name": "Controller/items/index",
            "uniqueCount.request.headers.userAgent": 0
          },
          {
            "facet": "Controller/items/index",
            "beginTimeSeconds": 1738814726,
            "endTimeSeconds": 1738836326,
            "count": 0,
            "name": "Controller/items/index",
            "uniqueCount.request.headers.userAgent": 0
          },
          {
            "facet": "Controller/items/index",
            "beginTimeSeconds": 1738836326,
            "endTimeSeconds": 1738857926,
            "count": 0,
            "name": "Controller/items/index",
            "uniqueCount.request.headers.userAgent": 0
          },
          {
            "facet": "Controller/items/index",
            "beginTimeSeconds": 1738857926,
            "endTimeSeconds": 1738879526,
            "count": 7,
            "name": "Controller/items/index",
            "uniqueCount.request.headers.userAgent": 2
          },
          {
            "facet": "Controller/items/index",
            "beginTimeSeconds": 1738879526,
            "endTimeSeconds": 1738901126,
            "count": 0,
            "name": "Controller/items/index",
            "uniqueCount.request.headers.userAgent": 0
          },
          {
            "facet": "Controller/items/index",
            "beginTimeSeconds": 1738901126,
            "endTimeSeconds": 1738922726,
            "count": 0,
            "name": "Controller/items/index",
            "uniqueCount.request.headers.userAgent": 0
          },
          {
            "facet": "Controller/items/index",
            "beginTimeSeconds": 1738922726,
            "endTimeSeconds": 1738944326,
            "count": 0,
            "name": "Controller/items/index",
            "uniqueCount.request.headers.userAgent": 0
          },
          {
            "facet": "Controller/items/index",
            "beginTimeSeconds": 1738944326,
            "endTimeSeconds": 1738965926,
            "count": 2,
            "name": "Controller/items/index",
            "uniqueCount.request.headers.userAgent": 1
          },
          {
            "facet": "Controller/items/index",
            "beginTimeSeconds": 1738965926,
            "endTimeSeconds": 1738987526,
            "count": 0,
            "name": "Controller/items/index",
            "uniqueCount.request.headers.userAgent": 0
          },
          {
            "facet": "Controller/items/index",
            "beginTimeSeconds": 1738987526,
            "endTimeSeconds": 1739009126,
            "count": 0,
            "name": "Controller/items/index",
            "uniqueCount.request.headers.userAgent": 0
          },
          {
            "facet": "Controller/items/index",
            "beginTimeSeconds": 1739009126,
            "endTimeSeconds": 1739030726,
            "count": 0,
            "name": "Controller/items/index",
            "uniqueCount.request.headers.userAgent": 0
          },
          {
            "facet": "Controller/items/index",
            "beginTimeSeconds": 1739030726,
            "endTimeSeconds": 1739052326,
            "count": 3,
            "name": "Controller/items/index",
            "uniqueCount.request.headers.userAgent": 1
          },
          {
            "facet": "Controller/items/index",
            "beginTimeSeconds": 1739052326,
            "endTimeSeconds": 1739073926,
            "count": 0,
            "name": "Controller/items/index",
            "uniqueCount.request.headers.userAgent": 0
          },
          {
            "facet": "Controller/items/index",
            "beginTimeSeconds": 1739073926,
            "endTimeSeconds": 1739095526,
            "count": 0,
            "name": "Controller/items/index",
            "uniqueCount.request.headers.userAgent": 0
          },
          {
            "facet": "Controller/items/index",
            "beginTimeSeconds": 1739095526,
            "endTimeSeconds": 1739117126,
            "count": 2,
            "name": "Controller/items/index",
            "uniqueCount.request.headers.userAgent": 1
          },
          {
            "facet": "Controller/items/index",
            "beginTimeSeconds": 1739117126,
            "endTimeSeconds": 1739138726,
            "count": 16,
            "name": "Controller/items/index",
            "uniqueCount.request.headers.userAgent": 1
          },
          {
            "facet": "Controller/items/index",
            "beginTimeSeconds": 1739138726,
            "endTimeSeconds": 1739160326,
            "count": 5,
            "name": "Controller/items/index",
            "uniqueCount.request.headers.userAgent": 1
          }
        ]
      }
    }
  }
}
