{
  "data": {
    "actor": {
      "nrql": {
        "metadata": {
          "eventTypes": [
            "Transaction"
          ],
          "facets": null,
          "timeWindow": {
            "begin": 1743991785156,
            "end": 1743995385156,
            "since": "1 HOURS AGO",
            "until": "NOW"
          }
        },
        "nrql": "FROM Transaction SELECT * SINCE 1 hour ago WHERE name != 'Controller/Middleware/Rack/ActionDispatch::Routing::RouteSet/call' LIMIT MAX ",
        "results": [
          {
            "appId": 2996782,
            "appName": "TaT (production)",
            "containerId": "40413d938a53df7aa9d9914e8d05979734aa661588428af372c969cee3422c15",
            "databaseCallCount": 1,
            "databaseDuration": 0.0005068778991699219,
            "duration": 0.007889032363891602,
            "entity.guid": "MjY1ODgxfEFQTXxBUFBMSUNBVElPTnwyOTk2Nzgy",
            "entityGuid": "MjY1ODgxfEFQTXxBUFBMSUNBVElPTnwyOTk2Nzgy",
            "error": false,
            "guid": "dd77629153add34b",
            "host": "40413d938a53",
            "http.statusCode": 200,
            "name": "Controller/users/login",
            "parent.transportType": "HTTP",
            "priority": 1.026438,
            "realAgentId": 770077753,
            "request.headers.accept": "*/*",
            "request.headers.contentType": "application/x-www-form-urlencoded; charset=UTF-8",
            "request.headers.host": "34.196.160.46",
            "request.headers.userAgent": "Mozilla/5.0 (Windows NT 10.0; Win64; x64) AppleWebKit/537.36 (KHTML, like Gecko) Chrome/90.0.4430.85 Safari/537.36 Edg/90.0.818.46",
            "request.method": "GET",
            "response.headers.contentType": "text/html; charset=utf-8",
            "sampled": true,
            "tags.account": "BaurHome Software",
            "tags.accountId": "265881",
            "tags.trustedAccountId": "265881",
            "timestamp": 1743995122280,
            "traceId": "c06e7e240281ed9f1b34d5f9c0cf195f",
            "transactionSubType": "Controller",
            "transactionType": "Web"
          },
          {
            "appId": 2996782,
            "appName": "TaT (production)",
            "containerId": "40413d938a53df7aa9d9914e8d05979734aa661588428af372c969cee3422c15",
            "databaseCallCount": 2,
            "databaseDuration": 0.0016481876373291016,
            "duration": 0.014881134033203125,
            "entity.guid": "MjY1ODgxfEFQTXxBUFBMSUNBVElPTnwyOTk2Nzgy",
            "entityGuid": "MjY1ODgxfEFQTXxBUFBMSUNBVElPTnwyOTk2Nzgy",
            "error": false,
            "guid": "04461bc0a2d82d96",
            "host": "40413d938a53",
            "http.statusCode": 200,
            "name": "Controller/users/login",
            "parent.transportType": "HTTPS",
            "priority": 1.59707,
            "realAgentId": 770077753,
            "request.headers.accept": "*/*",
            "request.headers.host": "3.218.228.156",
            "request.headers.userAgent": "Mozilla/5.0 (compatible; InternetMeasurement/1.0; +https://internet-measurement.com/)",
            "request.method": "GET",
            "response.headers.contentType": "text/html; charset=utf-8",
            "sampled": true,
            "tags.account": "BaurHome Software",
            "tags.accountId": "265881",
            "tags.trustedAccountId": "265881",
            "timestamp": 1743994876553,
            "traceId": "d0a8794209c9b04d60e99123a724f368",
            "transactionSubType": "Controller",
            "transactionType": "Web"
          },
          {
            "appId": 2996782,
            "appName": "TaT (production)",
            "containerId": "40413d938a53df7aa9d9914e8d05979734aa661588428af372c969cee3422c15",
            "databaseCallCount": 1,
            "databaseDuration": 0.0005459785461425781,
            "duration": 0.008249521255493164,
            "entity.guid": "MjY1ODgxfEFQTXxBUFBMSUNBVElPTnwyOTk2Nzgy",
            "entityGuid": "MjY1ODgxfEFQTXxBUFBMSUNBVElPTnwyOTk2Nzgy",
            "error": false,
            "guid": "b070d69e734f838b",
            "host": "40413d938a53",
            "http.statusCode": 200,
            "name": "Controller/users/login",
            "parent.transportType": "HTTP",
            "priority": 1.402594,
            "realAgentId": 770077753,
            "request.headers.accept": "*/*",
            "request.headers.contentType": "application/x-www-form-urlencoded; charset=UTF-8",
            "request.headers.host": "3.218.228.156",
            "request.headers.userAgent": "Mozilla/5.0 (Windows NT 10.0; Win64; x64) AppleWebKit/537.36 (KHTML, like Gecko) Chrome/90.0.4430.85 Safari/537.36 Edg/90.0.818.46",
            "request.method": "GET",
            "response.headers.contentType": "text/html; charset=utf-8",
            "sampled": true,
            "tags.account": "BaurHome Software",
            "tags.accountId": "265881",
            "tags.trustedAccountId": "265881",
            "timestamp": 1743994411788,
            "traceId": "b20cab36cc936f8b2921ed06c4c0237d",
            "transactionSubType": "Controller",
            "transactionType": "Web"
          },
          {
            "appId": 2996782,
            "appName": "TaT (production)",
            "containerId": "40413d938a53df7aa9d9914e8d05979734aa661588428af372c969cee3422c15",
            "databaseCallCount": 1,
            "databaseDuration": 0.0005521774291992188,
            "duration": 0.009335994720458984,
            "entity.guid": "MjY1ODgxfEFQTXxBUFBMSUNBVElPTnwyOTk2Nzgy",
            "entityGuid": "MjY1ODgxfEFQTXxBUFBMSUNBVElPTnwyOTk2Nzgy",
            "error": false,
            "guid": "19d3151c4b445055",
            "host": "40413d938a53",
            "http.statusCode": 200,
            "name": "Controller/users/login",
            "parent.transportType": "HTTP",
            "priority": 1.20458,
            "realAgentId": 770077753,
            "request.headers.accept": "*/*",
            "request.headers.contentType": "application/x-www-form-urlencoded; charset=UTF-8",
            "request.headers.host": "34.196.160.46",
            "request.headers.userAgent": "Mozilla/5.0 (Windows NT 10.0; Win64; x64) AppleWebKit/537.36 (KHTML, like Gecko) Chrome/90.0.4430.85 Safari/537.36 Edg/90.0.818.46",
            "request.method": "GET",
            "response.headers.contentType": "text/html; charset=utf-8",
            "sampled": true,
            "tags.account": "BaurHome Software",
            "tags.accountId": "265881",
            "tags.trustedAccountId": "265881",
            "timestamp": 1743994328848,
            "traceId": "d1d87d670ffce833495e957ef03307eb",
            "transactionSubType": "Controller",
            "transactionType": "Web"
          },
          {
            "appId": 2996782,
            "appName": "TaT (production)",
            "containerId": "40413d938a53df7aa9d9914e8d05979734aa661588428af372c969cee3422c15",
            "databaseCallCount": 1,
            "databaseDuration": 0.0005881786346435547,
            "duration": 0.007525205612182617,
            "entity.guid": "MjY1ODgxfEFQTXxBUFBMSUNBVElPTnwyOTk2Nzgy",
            "entityGuid": "MjY1ODgxfEFQTXxBUFBMSUNBVElPTnwyOTk2Nzgy",
            "error": false,
            "guid": "dab22549b80ceb32",
            "host": "40413d938a53",
            "http.statusCode": 200,
            "name": "Controller/users/login",
            "parent.transportType": "HTTPS",
            "priority": 1.222523,
            "realAgentId": 770077753,
            "request.headers.accept": "*/*",
            "request.headers.host": "34.196.160.46",
            "request.headers.userAgent": "Opera/10.50 (Windows NT 6.1; U; en-GB) Presto/2.2.2",
            "request.method": "GET",
            "response.headers.contentType": "text/html; charset=utf-8",
            "sampled": true,
            "tags.account": "BaurHome Software",
            "tags.accountId": "265881",
            "tags.trustedAccountId": "265881",
            "timestamp": 1743994187247,
            "traceId": "02bb9e5caa09c2d124c235b9588f9566",
            "transactionSubType": "Controller",
            "transactionType": "Web"
          },
          {
            "appId": 2996782,
            "appName": "TaT (production)",
            "containerId": "40413d938a53df7aa9d9914e8d05979734aa661588428af372c969cee3422c15",
            "duration": 0.00084686279296875,
            "entity.guid": "MjY1ODgxfEFQTXxBUFBMSUNBVElPTnwyOTk2Nzgy",
            "entityGuid": "MjY1ODgxfEFQTXxBUFBMSUNBVElPTnwyOTk2Nzgy",
            "error": false,
            "guid": "592fae7827bc9fc3",
            "host": "40413d938a53",
            "http.statusCode": 200,
            "name": "Controller/Middleware/Rack/ActionDispatch::Static/call",
            "parent.transportType": "HTTPS",
            "priority": 1.787735,
            "realAgentId": 770077753,
            "request.headers.accept": "image/avif,image/webp,image/apng,image/svg+xml,image/*,*/*;q=0.8",
            "request.headers.host": "admin.thistlesandthingsgifts.com",
            "request.headers.userAgent": "Mozilla/5.0 (X11; Linux x86_64) AppleWebKit/537.36 (KHTML, like Gecko) Chrome/131.0.0.0 Safari/537.36",
            "request.method": "GET",
            "sampled": true,
            "tags.account": "BaurHome Software",
            "tags.accountId": "265881",
            "tags.trustedAccountId": "265881",
            "timestamp": 1743993984214,
            "traceId": "3ee00651899979f1035baef03de9fb61",
            "transactionSubType": "Controller",
            "transactionType": "Web"
          },
          {
            "appId": 2996782,
            "appName": "TaT (production)",
            "containerId": "40413d938a53df7aa9d9914e8d05979734aa661588428af372c969cee3422c15",
            "databaseCallCount": 1,
            "databaseDuration": 0.0005438327789306641,
            "duration": 0.006158351898193359,
            "entity.guid": "MjY1ODgxfEFQTXxBUFBMSUNBVElPTnwyOTk2Nzgy",
            "entityGuid": "MjY1ODgxfEFQTXxBUFBMSUNBVElPTnwyOTk2Nzgy",
            "error": false,
            "guid": "fd6c3167c872cb1b",
            "host": "40413d938a53",
            "http.statusCode": 200,
            "name": "Controller/users/login",
            "parent.transportType": "HTTPS",
            "priority": 1.591229,
            "realAgentId": 770077753,
            "request.headers.accept": "text/html,application/xhtml+xml,application/xml;q=0.9,image/avif,image/webp,image/apng,*/*;q=0.8,application/signed-exchange;v=b3;q=0.9",
            "request.headers.host": "admin.thistlesandthingsgifts.com",
            "request.headers.userAgent": "Mozilla/5.0 (X11; Linux x86_64) AppleWebKit/537.36 (KHTML, like Gecko) Chrome/100.0.4896.60 Safari/537.36",
            "request.method": "GET",
            "response.headers.contentType": "text/html; charset=utf-8",
            "sampled": true,
            "tags.account": "BaurHome Software",
            "tags.accountId": "265881",
            "tags.trustedAccountId": "265881",
            "timestamp": 1743993984139,
            "traceId": "bfd85a191a9233fbcefec7a0a6c99681",
            "transactionSubType": "Controller",
            "transactionType": "Web"
          },
          {
            "appId": 2996782,
            "appName": "TaT (production)",
            "containerId": "40413d938a53df7aa9d9914e8d05979734aa661588428af372c969cee3422c15",
            "databaseCallCount": 1,
            "databaseDuration": 0.0007588863372802734,
            "duration": 0.006268978118896484,
            "entity.guid": "MjY1ODgxfEFQTXxBUFBMSUNBVElPTnwyOTk2Nzgy",
            "entityGuid": "MjY1ODgxfEFQTXxBUFBMSUNBVElPTnwyOTk2Nzgy",
            "error": false,
            "guid": "1617aa94f3ebb116",
            "host": "40413d938a53",
            "http.statusCode": 200,
            "name": "Controller/users/login",
            "parent.transportType": "HTTPS",
            "priority": 1.668571,
            "realAgentId": 770077753,
            "request.headers.accept": "text/html,application/xhtml+xml,application/xml;q=0.9,image/avif,image/webp,image/apng,*/*;q=0.8,application/signed-exchange;v=b3;q=0.7",
            "request.headers.host": "admin.thistlesandthingsgifts.com",
            "request.headers.userAgent": "Mozilla/5.0 (X11; Linux x86_64) AppleWebKit/537.36 (KHTML, like Gecko) Chrome/131.0.0.0 Safari/537.36",
            "request.method": "GET",
            "response.headers.contentType": "text/html; charset=utf-8",
            "sampled": true,
            "tags.account": "BaurHome Software",
            "tags.accountId": "265881",
            "tags.trustedAccountId": "265881",
            "timestamp": 1743993984123,
            "traceId": "7134f97bfc277e06342e285a9bff0d5f",
            "transactionSubType": "Controller",
            "transactionType": "Web"
          },
          {
            "appId": 2996782,
            "appName": "TaT (production)",
            "containerId": "40413d938a53df7aa9d9914e8d05979734aa661588428af372c969cee3422c15",
            "databaseCallCount": 1,
            "databaseDuration": 0.0009350776672363281,
            "duration": 0.008673667907714844,
            "entity.guid": "MjY1ODgxfEFQTXxBUFBMSUNBVElPTnwyOTk2Nzgy",
            "entityGuid": "MjY1ODgxfEFQTXxBUFBMSUNBVElPTnwyOTk2Nzgy",
            "error": false,
            "guid": "15b36163a5fd0e4c",
            "host": "40413d938a53",
            "http.statusCode": 200,
            "name": "Controller/users/login",
            "parent.transportType": "HTTPS",
            "priority": 1.069917,
            "realAgentId": 770077753,
            "request.headers.accept": "text/html,application/xhtml+xml,application/xml;q=0.9,image/avif,image/webp,image/apng,*/*;q=0.8,application/signed-exchange;v=b3;q=0.9",
            "request.headers.host": "admin.thistlesandthingsgifts.com",
            "request.headers.userAgent": "Mozilla/5.0 (X11; Linux x86_64) AppleWebKit/537.36 (KHTML, like Gecko) Chrome/100.0.4896.60 Safari/537.36",
            "request.method": "GET",
            "response.headers.contentType": "text/html; charset=utf-8",
            "sampled": true,
            "tags.account": "BaurHome Software",
            "tags.accountId": "265881",
            "tags.trustedAccountId": "265881",
            "timestamp": 1743993984112,
            "traceId": "6774f3ded5286d9d5ec14a521da94254",
            "transactionSubType": "Controller",
            "transactionType": "Web"
          },
          {
            "appId": 2996782,
            "appName": "TaT (production)",
            "containerId": "40413d938a53df7aa9d9914e8d05979734aa661588428af372c969cee3422c15",
            "databaseCallCount": 1,
            "databaseDuration": 0.0009970664978027344,
            "duration": 0.00836944580078125,
            "entity.guid": "MjY1ODgxfEFQTXxBUFBMSUNBVElPTnwyOTk2Nzgy",
            "entityGuid": "MjY1ODgxfEFQTXxBUFBMSUNBVElPTnwyOTk2Nzgy",
            "error": false,
            "guid": "3b813f73814bb2ff",
            "host": "40413d938a53",
            "http.statusCode": 200,
            "name": "Controller/users/login",
            "parent.transportType": "HTTPS",
            "priority": 1.257823,
            "realAgentId": 770077753,
            "request.headers.host": "34.196.160.46",
            "request.headers.userAgent": "Mozilla/5.0 (Windows NT 10.0; Win64; x64) AppleWebKit/537.36 (KHTML, like Gecko) Chrome/78.0.3904.108 Safari/537.36",
            "request.method": "GET",
            "response.headers.contentType": "text/html; charset=utf-8",
            "sampled": true,
            "tags.account": "BaurHome Software",
            "tags.accountId": "265881",
            "tags.trustedAccountId": "265881",
            "timestamp": 1743993672223,
            "traceId": "959f9292854bb2f5bc9c8f367383c02f",
            "transactionSubType": "Controller",
            "transactionType": "Web"
          },
          {
            "appId": 2996782,
            "appName": "TaT (production)",
            "containerId": "40413d938a53df7aa9d9914e8d05979734aa661588428af372c969cee3422c15",
            "databaseCallCount": 1,
            "databaseDuration": 0.0005834102630615234,
            "duration": 0.007867097854614258,
            "entity.guid": "MjY1ODgxfEFQTXxBUFBMSUNBVElPTnwyOTk2Nzgy",
            "entityGuid": "MjY1ODgxfEFQTXxBUFBMSUNBVElPTnwyOTk2Nzgy",
            "error": false,
            "guid": "cba71d2c94d1b76a",
            "host": "40413d938a53",
            "http.statusCode": 200,
            "name": "Controller/users/login",
            "parent.transportType": "HTTPS",
            "priority": 1.417667,
            "realAgentId": 770077753,
            "request.headers.host": "3.218.228.156",
            "request.headers.userAgent": "Mozilla/5.0 (Windows NT 10.0; Win64; x64) AppleWebKit/537.36 (KHTML, like Gecko) Chrome/78.0.3904.108 Safari/537.36",
            "request.method": "GET",
            "response.headers.contentType": "text/html; charset=utf-8",
            "sampled": true,
            "tags.account": "BaurHome Software",
            "tags.accountId": "265881",
            "tags.trustedAccountId": "265881",
            "timestamp": 1743993545877,
            "traceId": "8b0155aaabeeec394f1ddd4e89e5affd",
            "transactionSubType": "Controller",
            "transactionType": "Web"
          },
          {
            "appId": 2996782,
            "appName": "TaT (production)",
            "containerId": "40413d938a53df7aa9d9914e8d05979734aa661588428af372c969cee3422c15",
            "databaseCallCount": 1,
            "databaseDuration": 0.0005159378051757812,
            "duration": 0.00788116455078125,
            "entity.guid": "MjY1ODgxfEFQTXxBUFBMSUNBVElPTnwyOTk2Nzgy",
            "entityGuid": "MjY1ODgxfEFQTXxBUFBMSUNBVElPTnwyOTk2Nzgy",
            "error": false,
            "guid": "85006f2a4f00a5ae",
            "host": "40413d938a53",
            "http.statusCode": 200,
            "name": "Controller/users/login",
            "parent.transportType": "HTTP",
            "priority": 1.376546,
            "realAgentId": 770077753,
            "request.headers.accept": "*/*",
            "request.headers.contentType": "application/x-www-form-urlencoded; charset=UTF-8",
            "request.headers.host": "3.218.228.156",
            "request.headers.userAgent": "Mozilla/5.0 (Windows NT 10.0; Win64; x64) AppleWebKit/537.36 (KHTML, like Gecko) Chrome/90.0.4430.85 Safari/537.36 Edg/90.0.818.46",
            "request.method": "GET",
            "response.headers.contentType": "text/html; charset=utf-8",
            "sampled": true,
            "tags.account": "BaurHome Software",
            "tags.accountId": "265881",
            "tags.trustedAccountId": "265881",
            "timestamp": 1743993349384,
            "traceId": "68bef1b72d38ce612b9c92ca6222fc7f",
            "transactionSubType": "Controller",
            "transactionType": "Web"
          },
          {
            "appId": 2996782,
            "appName": "TaT (production)",
            "containerId": "40413d938a53df7aa9d9914e8d05979734aa661588428af372c969cee3422c15",
            "databaseCallCount": 1,
            "databaseDuration": 0.0007810592651367188,
            "duration": 0.008568525314331055,
            "entity.guid": "MjY1ODgxfEFQTXxBUFBMSUNBVElPTnwyOTk2Nzgy",
            "entityGuid": "MjY1ODgxfEFQTXxBUFBMSUNBVElPTnwyOTk2Nzgy",
            "error": false,
            "guid": "e0c0842ce3d76ca4",
            "host": "40413d938a53",
            "http.statusCode": 200,
            "name": "Controller/users/login",
            "parent.transportType": "HTTPS",
            "priority": 1.098501,
            "realAgentId": 770077753,
            "request.headers.host": "3.218.228.156",
            "request.headers.userAgent": "Expanse, a Palo Alto Networks company, searches across the global IPv4 space multiple times per day to identify customers&#39; presences on the Internet. If you would like to be excluded from our scans, please send IP addresses/domains to: scaninfo@paloal",
            "request.method": "GET",
            "response.headers.contentType": "text/html; charset=utf-8",
            "sampled": true,
            "tags.account": "BaurHome Software",
            "tags.accountId": "265881",
            "tags.trustedAccountId": "265881",
            "timestamp": 1743993324510,
            "traceId": "0706f20e1593b0cbcb430ff473cbd080",
            "transactionSubType": "Controller",
            "transactionType": "Web"
          },
          {
            "appId": 2996782,
            "appName": "TaT (production)",
            "containerId": "40413d938a53df7aa9d9914e8d05979734aa661588428af372c969cee3422c15",
            "databaseCallCount": 1,
            "databaseDuration": 0.0005190372467041016,
            "duration": 0.0075609683990478516,
            "entity.guid": "MjY1ODgxfEFQTXxBUFBMSUNBVElPTnwyOTk2Nzgy",
            "entityGuid": "MjY1ODgxfEFQTXxBUFBMSUNBVElPTnwyOTk2Nzgy",
            "error": false,
            "guid": "ff6112353edcce36",
            "host": "40413d938a53",
            "http.statusCode": 200,
            "name": "Controller/users/login",
            "parent.transportType": "HTTP",
            "priority": 1.662774,
            "realAgentId": 770077753,
            "request.headers.accept": "*/*",
            "request.headers.host": "172.31.89.138",
            "request.headers.userAgent": "Expanse, a Palo Alto Networks company, searches across the global IPv4 space multiple times per day to identify customers&#39; presences on the Internet. If you would like to be excluded from our scans, please send IP addresses/domains to: scaninfo@paloal",
            "request.method": "GET",
            "response.headers.contentType": "text/html; charset=utf-8",
            "sampled": true,
            "tags.account": "BaurHome Software",
            "tags.accountId": "265881",
            "tags.trustedAccountId": "265881",
            "timestamp": 1743993249025,
            "traceId": "e82ddaeff2bb5d72cc930ea30647cdc1",
            "transactionSubType": "Controller",
            "transactionType": "Web"
          },
          {
            "appId": 2996782,
            "appName": "TaT (production)",
            "containerId": "40413d938a53df7aa9d9914e8d05979734aa661588428af372c969cee3422c15",
            "databaseCallCount": 1,
            "databaseDuration": 0.0005655288696289062,
            "duration": 0.0070078372955322266,
            "entity.guid": "MjY1ODgxfEFQTXxBUFBMSUNBVElPTnwyOTk2Nzgy",
            "entityGuid": "MjY1ODgxfEFQTXxBUFBMSUNBVElPTnwyOTk2Nzgy",
            "error": false,
            "guid": "37a60acffa6a02f5",
            "host": "40413d938a53",
            "http.statusCode": 200,
            "name": "Controller/users/login",
            "parent.transportType": "HTTPS",
            "priority": 1.409145,
            "realAgentId": 770077753,
            "request.headers.accept": "*/*",
            "request.headers.host": "3.218.228.156",
            "request.headers.userAgent": "Mozilla/5.0 zgrab/0.x",
            "request.method": "GET",
            "response.headers.contentType": "text/html; charset=utf-8",
            "sampled": true,
            "tags.account": "BaurHome Software",
            "tags.accountId": "265881",
            "tags.trustedAccountId": "265881",
            "timestamp": 1743992982598,
            "traceId": "3dffceb62ad8dff8a151caa71f93eaef",
            "transactionSubType": "Controller",
            "transactionType": "Web"
          },
          {
            "appId": 2996782,
            "appName": "TaT (production)",
            "containerId": "40413d938a53df7aa9d9914e8d05979734aa661588428af372c969cee3422c15",
            "databaseCallCount": 1,
            "databaseDuration": 0.0007119178771972656,
            "duration": 0.00787496566772461,
            "entity.guid": "MjY1ODgxfEFQTXxBUFBMSUNBVElPTnwyOTk2Nzgy",
            "entityGuid": "MjY1ODgxfEFQTXxBUFBMSUNBVElPTnwyOTk2Nzgy",
            "error": false,
            "guid": "7b5e8f58c59c3edc",
            "host": "40413d938a53",
            "http.statusCode": 200,
            "name": "Controller/users/login",
            "parent.transportType": "HTTP",
            "priority": 1.572759,
            "realAgentId": 770077753,
            "request.headers.accept": "*/*",
            "request.headers.host": "34.196.160.46",
            "request.headers.userAgent": "Mozilla/5.0 zgrab/0.x",
            "request.method": "GET",
            "response.headers.contentType": "text/html; charset=utf-8",
            "sampled": true,
            "tags.account": "BaurHome Software",
            "tags.accountId": "265881",
            "tags.trustedAccountId": "265881",
            "timestamp": 1743992787114,
            "traceId": "737f74b9e22f55f3b58dcf78d88c6546",
            "transactionSubType": "Controller",
            "transactionType": "Web"
          },
          {
            "appId": 2996782,
            "appName": "TaT (production)",
            "containerId": "40413d938a53df7aa9d9914e8d05979734aa661588428af372c969cee3422c15",
            "databaseCallCount": 1,
            "databaseDuration": 0.0008432865142822266,
            "duration": 0.00890660285949707,
            "entity.guid": "MjY1ODgxfEFQTXxBUFBMSUNBVElPTnwyOTk2Nzgy",
            "entityGuid": "MjY1ODgxfEFQTXxBUFBMSUNBVElPTnwyOTk2Nzgy",
            "error": false,
            "guid": "26fca9c4fef86344",
            "host": "40413d938a53",
            "http.statusCode": 200,
            "name": "Controller/users/login",
            "parent.transportType": "HTTPS",
            "priority": 1.214758,
            "realAgentId": 770077753,
            "request.headers.accept": "*/*",
            "request.headers.host": "34.196.160.46",
            "request.headers.userAgent": "Mozilla/5.0 zgrab/0.x",
            "request.method": "GET",
            "response.headers.contentType": "text/html; charset=utf-8",
            "sampled": true,
            "tags.account": "BaurHome Software",
            "tags.accountId": "265881",
            "tags.trustedAccountId": "265881",
            "timestamp": 1743992718279,
            "traceId": "b1e86f3a1f735d5f4c43350d93b72585",
            "transactionSubType": "Controller",
            "transactionType": "Web"
          },
          {
            "appId": 2996782,
            "appName": "TaT (production)",
            "containerId": "40413d938a53df7aa9d9914e8d05979734aa661588428af372c969cee3422c15",
            "databaseCallCount": 2,
            "databaseDuration": 0.0008585453033447266,
            "duration": 0.011837959289550781,
            "entity.guid": "MjY1ODgxfEFQTXxBUFBMSUNBVElPTnwyOTk2Nzgy",
            "entityGuid": "MjY1ODgxfEFQTXxBUFBMSUNBVElPTnwyOTk2Nzgy",
            "error": false,
            "guid": "9de405d9d504c83c",
            "host": "40413d938a53",
            "http.statusCode": 200,
            "name": "Controller/users/login",
            "parent.transportType": "HTTP",
            "priority": 1.297513,
            "realAgentId": 770077753,
            "request.headers.accept": "*/*",
            "request.headers.host": "3.218.228.156",
            "request.headers.userAgent": "Mozilla/5.0 zgrab/0.x",
            "request.method": "GET",
            "response.headers.contentType": "text/html; charset=utf-8",
            "sampled": true,
            "tags.account": "BaurHome Software",
            "tags.accountId": "265881",
            "tags.trustedAccountId": "265881",
            "timestamp": 1743992546697,
            "traceId": "ed0896975ac5a510d050c514d3228316",
            "transactionSubType": "Controller",
            "transactionType": "Web"
          },
          {
            "appId": 2996782,
            "appName": "TaT (production)",
            "containerId": "40413d938a53df7aa9d9914e8d05979734aa661588428af372c969cee3422c15",
            "databaseCallCount": 2,
            "databaseDuration": 0.0008952617645263672,
            "duration": 0.012260675430297852,
            "entity.guid": "MjY1ODgxfEFQTXxBUFBMSUNBVElPTnwyOTk2Nzgy",
            "entityGuid": "MjY1ODgxfEFQTXxBUFBMSUNBVElPTnwyOTk2Nzgy",
            "error": false,
            "guid": "cc36b90936118914",
            "host": "40413d938a53",
            "http.statusCode": 200,
            "name": "Controller/users/login",
            "parent.transportType": "HTTP",
            "priority": 1.229497,
            "realAgentId": 770077753,
            "request.headers.accept": "*/*",
            "request.headers.contentType": "application/x-www-form-urlencoded; charset=UTF-8",
            "request.headers.host": "34.196.160.46",
            "request.headers.userAgent": "Mozilla/5.0 (Windows NT 10.0; Win64; x64) AppleWebKit/537.36 (KHTML, like Gecko) Chrome/90.0.4430.85 Safari/537.36 Edg/90.0.818.46",
            "request.method": "GET",
            "response.headers.contentType": "text/html; charset=utf-8",
            "sampled": true,
            "tags.account": "BaurHome Software",
            "tags.accountId": "265881",
            "tags.trustedAccountId": "265881",
            "timestamp": 1743992039016,
            "traceId": "2c5c6b1591918f8cf09eceb9497f7b53",
            "transactionSubType": "Controller",
            "transactionType": "Web"
          }
        ]
      }
    }
  }
}
